participant_number,Gender,Bio,Age,Race
P115,Non-Binary,"Hi, my name is Allie! I'm 18 and I use she/they pronouns. I love my girlfriend, my bunny, my cat, my rat, and my snail. My favorite shows are Rupaul's Drag Race and It's Always Sunny in Philadelphia and my favorite movie is The Shining. I like rap and indie music and my favorite artists are Destroy Lonely, Yeat, Juice WRLD, Glass Animals, and Lil Uzi Vert. My favorite game is Minecraft.",18,White or Caucasian
P265,Male,My name is Brad and I am a avid outdoorsman who loves to fish and hunt. I enjoy spending time at the gym as well as being outdoors whenever I can.  My biggest goal is to have a very healthy work life balance so that I can enjoy my life to the fullest.,22,"Hispanic or Latinx,White or Caucasian"
P033,Male,"I am a 20-year-old college student. You can find me at the gym or the ice rink if I am not working or at school. I love anything with the outdoors and frequently go on hikes with my dog Oliver. Oliver is a mini Goldendoodle who is just about one year old. I am a big dog guy so he is definitely my best friend. Other than that, I love adventures and trying out new things so come along for the ride!",20,"Hispanic or Latinx,White or Caucasian"
P249,Female,"Hi Yall! My name is Jazmin! I am from New York, Brooklyn! I am vegan and i love to read. I am in college and I am studying political science and economics. I love to go to the gym and lift heavy things like a caveman! I love to go on walks! I have been hitting 10,000 steps for 890 days now! I speaking Spanish and I love to try new vegan restaurants and hang out with my friends. I am also a residen",21,Hispanic or Latinx
P194,Male,"Hello my name is John and I go to college. I think I am funny and pretty good looking. It you want to be friends let me know because I'll probably like you. I like to play video games too. Sometimes I like to work out and I love fitness. I love eating healthy, but sometimes I like to eat non-healthy things like candy and whatnot.",19,Hispanic or Latinx
P292,Male,"Hello,
My name is Jordan, I am 19 years old and from California.   I am interested in reading, cooking, paintball, and entrepreneurship.   My favorite food is pho soup.  I have accommodation insufficiency which makes it difficult for me to see things up close, even with glasses",19,"Hispanic or Latinx,White or Caucasian"
P011,Male,"Hello I am 22 years old and I am currently in college. I am going to school for nursing as that is my dream job. I do not have a certain speciality in mind. For fun I like to watch movies, play videogames, hang out with friends, and to listen to music. I am half Japanese and half White. My favorite food would definitely have to be pizza and my favorite type of music would have to be Lofi.",22,"East Asian,White or Caucasian"
P105,Male,"Hi there! Welcome to my profile
I have a huge love for games and animation! It's a huge passion of mine (mainly Nintendo and western/youtube animation) I love talking about it so please ask away!
I also really like the band Lemon Demon! The person who makes the music (Neil Cicierega) is one of the coolest online personalities out there.
Hope I made a good first impression :D",19,White or Caucasian
P205,Female,"Hey! My name is MJ and I’m really into music. I love listening to it, reading about it, collecting it, and so much other stuff about music. I could talk anyone’s ear off about music and I could do it all day long. Other than that, I love to spend time with my dog and bring her for walks by the river. I also love to travel and I recently just came back from a trip, it was the best! ",19,White or Caucasian
P195,Female,Hello there! I'm Naomi and I'm studying data science. I love swimming during the weekends by day and binging anime/kpop at night. Other than that I'm a homebody so don't expect me to go out partying with yall. But if you want someone to do hw with... i gotcha ;),18,East Asian
P020,Female,Hello! My name is Sydney and I am a student athlete in college. I play lacrosse at my university and I enjoy being apart of a team and having a sisterhood. Playing a sport in college has taught me how to manage my time better and prioritize certain things in my life. ,22,Black or African American
P342,Female,Hello! I am a college student who loves to hang out and party! I'm very outgoing and would love to get to know everybody. I have moved many times and have lived in many different places such as Miami and Utah. I love making friends. I also love to go hiking or sit outside on a nice day. I have a cute dog who is very old and I also foster kittens in my free time. They are so cute I love them. ,18,White or Caucasian
P315,Female,A third-year college student who is as confused about life as you are. I love chocolate ice cream and chipotle. Located in Southern California and I love the beaches here.  I spend most of my free time napping or reading. Fav types of books are usually nonfiction.  ,20,East Asian
