participant_number,WHO_Total,UCLA_Lone_Total,NeedtoBelong_Total,SharedReality_Total,InclOtherSelf,PHQ_Cat,GenAnxietyD_Cat,AUDIT_Total,Extraversion,Agreeableness,Openness,Conscientiousness,Neuroticism,tie_count,avg_closeness,avg_close_count,less_close_count,very_close_count,SelfEsteem_Total,NeedtoBelong_Total.1,PerceivedRating,MichaelDescr,Gender,Hispanic,Race,SocioEconStatus,condition,username,avatar_selection,bio,likes_given,SamCondition,SharedReality_Rating
P147,76,22,31,35,5,1,3,0,5,6,4,7,5,1,5.6,1,0,0,19,14,About average,"Very hard-working and detailed oriented person.  Pays close attention to detail, however, this can cause them to overcomplicate problems.",Male,No,Asian,NA,2,MM,23,"Hello, I am an undergraduate student studying computer science.  I like watching and playing sports, mainly basketball and soccer.  I also like playing video games and watching tv.",6,1,2
P341,80,10,34,41,2,6,3,1,4,7,7,7,6,0,4.71,NA,NA,NA,21,8,About average,"There is someone who pays meticulous attention to detail, resulting in high-quality work. However, this person often overcomplicates simple tasks and struggles to consider them ""finished,"" causing delays and missed deadlines.",Male,No,White,7,2,Alexander,10,"My name is Alex. I like watching soccer, my favorite team is Barcelona. I also enjoy reading and playing video games. I have my Masters in Chemical Engineering and currently work as a process engineer at a manufacturing facility.",13,-1,-1
P240,20,57,43,44,2,21,19,13,7,4,7,3,8,2,2.8,0,2,0,11,22,Under average,They're very detail oriented and put a lot of effort into every aspect of their life. I have a lot of respect for them. I really wish I could care as much as they do.,Male,No,White,5,1,Li,27,"I have very little passion for really anything. I need more friends man fuck. The only fun I've really had in the past 6 months is drinking in hotel rooms, which is a blast. Dominos pizza when you're crunk is amazing. Thank god I'm young and don't get hungover yet.",2,1,4
P158,72,42,38,46,5,8,2,0,4,6,6,7,8,4,5,1,0,3,6,21,Under average,He is someone who rarely changes his mind once his mind is made up about something. He is a straightforward person who will work any task to its completion.,Female,No,Black or African American,NA,1,Kewpie,6,"Hi, I'm kewpie, I like drawing and playing video games. I also enjoy watching various shows and video essays on Youtube. Most of my interests tend to be nerdy and I like fantasy-related stuff.",6,1,2
P373,48,39,50,50,6,1,2,0,8,9,10,8,9,1,5.8,0,0,1,20,7,Above average,Super finicky guy but he gets good results. Hard worker. A little slow on deadlines but he gets there eventually,Male,Yes,Other,NA,2,Steven,23,"Hi!

My name is Steven. I am 21 years old and I live in South Florida. My interests include tabletop gaming, videogames, sewing, music, and grassroots organizing.",10,-1,2
P330,28,41,39,44,2,6,13,1,2,7,6,7,9,1,4.33,0,0,1,8,22,Under average,"This man enjoys spending time with his family, ensuring that he often has dinner with them. Sometimes, he chooses family over his friends. ",Male,No,White,NA,1,Caleb,27,I'm a software engineer who's a musician at heart. Enjoy playing video games and relaxing to TV on the weekends. Love taking walks around new places.,5,1,1
P197,68,19,34,48,5,9,7,1,6,8,10,4,9,0,7,NA,NA,NA,21,5,Above average,They love to read and is very articulate. They love to share what they know and have read all the time in conversation even if it has nothing to do with the topic of the conversation.,Female,No,Black or African American,4,2,A,5,"I love to play video games, read and relax. I am a little shy but I am talkative when you get to know me. I love just enjoying others' company. ",13,-1,2
P345,80,23,21,41,4,2,8,1,5,8,10,9,3,3,5.5,1,0,2,20,11,About average,"He is the most pig-headed person you've ever met, pretty ignorant about things and almost never changes his mind on anything.",Male,No,White,6,2,XAX,14,"I enjoy a pretty wide range of activities so narrowing it down is a bit tricky. So I can talk about most stuff I guess. Supposing I had to write a bit more, don't really care for pop culture or anything else like that.",7,-1,-4
P366,72,0,26,39,5,1,3,1,5,7,9,8,6,1,6.33,1,0,0,10,22,Under average,He likes eating meals with his parents. He visits his parents every week. He is a college student.,Male,Yes,White,3,1,sam,11,I am a grad student. I graduated with a business degree this spring. I like raising dogs and playing videogames. I also enjoy playing Dungeons ,13,1,1
P291,68,27,50,41,4,4,6,6,10,7,10,9,10,16,5.15,11,3,2,20,7,Above average,He's a very determined person who gets things done. You don't like him very much.,Female,No,White,7,2,Esme,2,"Hi! My name is Esme and I'm a college student who lives in Minnesota. I love reading, cooking, and puns. I'm a history major and German minor and am in my senior year. ",4,-1,-2
P156,68,3,23,35,4,6,2,4,4,9,4,6,6,3,6.5,1,0,2,22,8,About average,He is a man that cares about family. He is young and puts them high up on his list of priorities. ,Male,Yes,White,5,2,Batman,16,"Ay yo what's up. My nickname is Batman. I enjoy many things like music and gaming. There ain't much else to say, so I'm just gonna write filler.",8,-1,3
P012,52,9,31,34,4,5,6,9,6,7,9,9,6,6,3.62,5,0,1,7,22,Under average,"He's a thrifty person, and he worries a lot about saving money. He doesn't like to spend money on himself and often goes out of his way to limit his spending. ",Female,No,White,6,1,Margie,4,"Hi! I'm Margie, I'm a graduate student interested in history, movies, books, music, and cooking. I am pursuing a degree in Anthropology, but I hope to also attend culinary school within the next few years or so. ",3,-1,2
P174,60,37,29,46,4,8,7,0,7,9,10,10,2,3,5.86,1,0,2,18,14,Under average,He is a man from the US. He likes to take care of things very specifically and is very detail oriented.,Other,No,White,NA,1,GS,7,Hi! I'm Gabrielle. I like to travel and I have a degree in biology. I will be going to grad school in the next few years but for the mean time I am working and saving up to travel,3,-1,2
P290,0,57,34,32,7,27,21,7,6,6,4,6,6,1,7,0,0,1,15,15,About average,I met this guy the other day who is really into history and stuff like that,Male,Yes,White,3,2,D,27,im 21 and work at mcdonalds. i live alone and have 2 birds.,13,-1,2
P050,24,44,47,46,6,21,21,0,5,8,7,9,10,6,7,0,0,6,20,10,About average,"This person is very detail-orientated with a tendency to overcomplicate simple tasks, which can sometimes cause them to miss deadlines.",Other,No,Biracial,4,2,Kai,0,"Hello my name is Kai. I am a undergrad student studying biology. In my free time I like to play video games, crochet, and watch shows. I really like to drink tea while playing 'cozy' video games. My favorite things to crochet are stuffed animals and I am currently working on making a capybara. I have a dog. I like to watch anime, documentaries and true crime shows/podcasts.",8,-1,1
P287,64,8,37,48,4,6,11,11,5,9,7,6,8,3,5.09,0,2,1,14,16,Under average,"This person is someone who works very hard on everything they do, striving to have as much detail as possible. This can be a detriment though as this often results in their projects taking longer than they should and them being reluctant to call any work finished. ",Male,Yes,White,6,1,Aiden,27,"My name is aiden I am a recent graduate of Cornell. I enjoy weightlifting, video games, skiing, and exploring the world. I also enjoy building legos and running my small ebay business",12,1,2
P278,44,18,35,40,5,13,12,6,8,8,7,5,7,2,7,0,0,2,25,5,Above average,"A guy that very rarely changes his decision on doing something. May it be that he's having a bad day or not, he perseveres to do the task he has been given.",Male,No,Asian,5,2,Nate,27,"Nice meeting you! I'm Nate, and I really enjoy playing video games or watching anime; It really helps me expand and enjoy the fantasy aspect I so much aspire to live in and I really immerse hard when on it.
I love music too and can sing pretty well.",4,1,3
P128,80,2,26,48,7,0,7,0,6,4,7,7,5,12,6,0,0,12,21,9,Under average,"This is an extremely detail oriented man, which can often get in the way of his own progress.",Male,No,White,NA,1,Keegan,10,"Hello, my name is Keegan. I am an English student from New York. My hobbies include gaming, reading, and writing. Currently, I am taking college completely online.",4,1,1
P260,20,20,43,49,5,15,12,0,4,6,10,9,8,3,5.8,0,0,3,12,20,Under average,He is our friend who always goes to hang out with his parents instead of hanging out with his friends. It is great that he visits them so much but it comes at the cost of hanging out with us.,Female,No,White,NA,1,Max,14,"Hello my name is Max and I am a current college student. I greatly enjoy the theater, greek mythology, and board games. I have three lovely cats as well. I am somewhat reserved around strangers but tend to open up once I know someone better.",7,1,3
P143,52,30,30,27,2,14,9,14,5,7,5,6,6,3,5.4,3,0,0,12,16,About average,this male is a person who's name starts with a m and ends with a s and has an apostrophe in it,Male,No,White,6,2,Myles,12,I am a D1 Dental student who enjoys going to the gym and golfing. I like to stay active and get involved in my community whenever possible. All of these things combine make me a valued member of my community,13,-1,0
P184,72,30,27,25,2,2,6,0,8,7,6,5,7,2,6.33,0,0,2,18,12,Above average,There's a guy who lives pretty close to me. He is very passionate about what he enjoys as well as spending time with his family. ,Female,No,White,NA,2,Pearl,26,Outgoing and striving for self dedication. I love astrology and am a spiritual but not religious person. I trust in the universe. I love string cheese. I don't like cookie cutter houses. ,5,-1,3
P059,32,27,17,25,1,12,15,1,2,5,10,6,8,0,3.25,NA,NA,NA,20,19,Under average,"This guy never gives up and always keeps trying no matter what, even when the going gets hard. He almost never changes his mind, even when it would be better.",Male,No,Black or African American,7,1,Luc,16,"Hello, My name is Luc and I am a music lover and writer. I enjoy watching movies and talking about all of their faults. I do a little gaming and have two pet dogs whom I talk with from time to time.",5,-1,1
P003,76,27,43,30,5,0,1,2,2,6,7,9,6,2,5.83,0,0,2,25,5,About average,He is very family oriented.  He goes and sees his parents every week.  This is a priority to him.  He will even miss seeing friends to make sure he sees his parents.,Female,No,White,6,2,KP,3,"Hi, everyone.  I'm KP.  I'm a college student who loves video games, reading, nature and my cat.  I love going to the beach and doing things that are new and different.",5,1,2
P097,24,41,37,38,1,21,17,3,4,4,6,6,6,1,6.17,1,0,0,15,24,Under average,He is a good guy and likes to play sports and listen to music.,Male,Yes,Other,NA,1,Kevin,27,I work at a bank I recently graduated college and looking to learn skills to get a good job. I enjoy listening to music and going for walks.,13,1,2
P224,64,33,35,38,5,14,6,20,7,7,7,8,5,1,6,1,0,0,17,15,About average,I thought  he is well talented and difficult to solve the problems and find the solution in the task oriented.,Male,No,White,5,2,anton,23,I am good personality and disciplined guy and working in the good company and having some good experience in related field. i have a good family and spending more time with my family members.,8,-1,1
P350,52,2,31,54,7,14,10,5,6,8,10,8,9,2,7,0,0,1,17,11,Above average,"He is detail-oriented and is a hard worker, but sometimes he's very meticulous and can miss deadlines. He seems very nice though.",Female,No,White,3,2,Cayton,2,"I'm a senior at GWU majoring in journalism and minoring and psychology and STEM education. I also have an adorable cat named Spooky! I love the Office, Grey's Anatomy, and Parks and Recreation. ",5,1,3
P075,56,18,34,40,3,7,7,3,4,8,8,9,7,2,4.71,2,0,0,14,16,Under average,[Accidentally clicked next before getting to read the paragraph :( ],Male,Yes,White,NA,1,Eduardo,15,"Hi! My name is Eduardo and I am a student close to finishing college. When I graduate, I want to pursue Web Development. I like playing video games and playing guitar.",10,-1,0
P100,20,51,44,37,2,17,19,4,5,4,7,5,9,1,6,1,0,0,16,15,About average,"The person I am describing to you is a perfectionist. Often to a fault. He produces high quality work, which is commendable, but it's often at the expense of missing deadlines and getting hung up on projects nearing completion.",Male,No,White,4,2,INDY,14,"My name is INDY, I'm a gamer, 3D artist/animator, poker player, and music producer. Also I really love Spider-Man and Metal Gear. I've been competing on-and-off in Super Smash Bros. Melee for 8 years. I've been dabbling in music for about as long. I started gambling shortly before I turned 19, I think. I bought my current car using gambling winnings.",10,-1,-3
P307,36,27,37,40,6,2,3,2,3,9,8,10,6,4,4.29,1,2,1,10,24,Under average,This person is very detail-oriented and sometimes has a hard time meeting deadlines due to their perfectionism. ,Female,No,Biracial,5,1,Maverick,25,"Hello! I love the beach, dogs, and creating art. I work in health care and love interacting with my patients. I have three beagles and one husky. I shop so much at Petco that the employees know my name. ",5,1,2
P281,24,57,47,31,1,20,9,0,6,8,7,5,3,3,4,2,1,0,13,22,Under average,"He's real cheap sometimes, tends to be really fickle when it comes to splitting a bill. Usually uses coupons or discounts when out, buying clothes from thrift stores and the like.",Male,Yes,Black or African American,1,1,Saint,17,"Hi, I'm saint. I'm a nineteen year old business administration student. I have a cat named mayhem and usually spend my time reading manga, watching anime or playing videogames. It's nice to meet you all!",9,1,-2
P325,52,21,21,41,5,8,7,6,3,9,10,9,6,4,3.5,1,3,0,16,8,About average,"This person is very determined and focused once they have a clear goal. Not letting anything get in the way of that, even themselves. For better or for worse.",Male,No,Biracial,7,2,Pat,27,Hello my name is Patrick or just Pat. I'm currently a development driver within motorsports and I also go to University for Computer Engineering. I love to travel so working within motorsports gives me that luxury thankfully.,5,1,-1
P321,52,14,30,49,6,10,9,0,3,7,7,6,5,3,4.83,1,0,2,16,19,Under average,"This person procrastinates a lot that he misses his deadline. He is not a bad person, but his work ethic needs a little more work.",Female,Yes,-99,NA,1,Steph,25,"I am steph and I have a cat that is 7 years old. I like to watch horror movies, thriller, and rom com. I am quite reserved and like to spend time on my own, although I occasionally like to spend my time with my friends.",8,1,1
P231,52,16,31,40,3,9,8,10,10,6,10,10,8,7,6.62,1,0,6,15,12,About average,I know someone who often spends a lot of time trying to be really punctual with his work but then he ends up spending too long on his projects,Female,No,White,NA,2,puppet,2,"hi i like to play guitar, my dogs name is matzoball, i love nature and camping, and i have a double eyebrow piercing ;D i am currently applying to law schools and will be getting an important score tomorrow. i like to rollerblade in my free time, i love to make art of all mediums and am currently working on an album with my musician boyfriend and will be really excited to release that soon",4,1,2
P280,20,30,33,18,1,15,18,0,3,7,5,5,10,0,3.5,NA,NA,NA,11,21,Under average,This person is not so great with completing tasks by deadline but is dedicated to get the job done. Needs more assistance with completing tasks and courses to uplift the status.,Female,No,Black or African American,2,1,Denise,9,I'm a reserved person who likes to spend quality times to fun things and be open to try new hobbies. I love to eat restuarant foods and travel. ,4,1,-2
P293,28,8,30,36,4,13,7,3,2,6,5,3,9,12,5.8,6,2,4,5,18,Under average,"He is very frugal, and does not like to spend money at all. This could even include loaning money to friends, unless in dire situations. He can be nifty and thrifts a lot. ",Female,No,White,7,1,Em,25,"My name is Em, i'm a 22 yo F, and i'm currently taking flight lessons to become a professional pilot. I live in Florida and love to spend time outside in the sunshine, wether it be swimming, hiking, or simply laying at the beach!",7,1,2
P244,36,22,38,26,4,8,14,0,4,8,6,10,7,2,6.25,0,0,2,15,15,Under average,"This person is very frugal. In fact, maybe a bit too frugal depending on who you ask. They are very particular about making sure they pay off their bills, secondhand shop, and are not interested in handing people money unless they absolutely have to.",Female,No,Black or African American,4,1,DC,6,"Hi, I'm DC. I'm studying ecology and am a fine artist. My favorite genres of entertainment are sci-fi, cosmic horror, thrillers, and drama. I love to sing, dance, act, play video games, and go on nature walks.",7,-1,2
P053,32,6,41,36,3,10,3,1,7,9,10,9,7,7,5.43,4,0,3,15,12,Under average,"He is a college student who heavily prioritizes his family by calling them and having dinner with them once a week, even at the expense of missing out on time with his friends.",Female,No,White,7,1,AG,25,"Hi everyone!! I'm an English and Political Science major on summer break rn :) I really like hiking, biking, and arts like painting, singing, and acting.",8,-1,2
P139,80,19,29,48,7,0,0,10,7,9,7,8,4,4,5,3,0,1,19,13,About average,This person likes reading and sharing things about history. He is really nice,Male,No,Biracial,4,2,Phillip,10,Hi my name is Phillip. I love space and building and flying model rockets! I also love traveling and exploring new places that I have never been to.,13,1,4
P233,24,32,32,44,4,12,4,6,5,8,7,7,7,1,6,1,0,0,16,12,About average,"They are careful about spending money and this is reflected in how they shop for clothes and eat out, among other things. ",Female,No,Asian,4,2,mm,7,I'm a soon-to-be senior in college who is at home for the summer. I enjoy art and going on walks but I feel out of place walking without a purpose. I wish I had a dog so that I can go on walks and parks without feeling weird. ,10,-1,2
P008,52,29,26,45,7,8,13,10,7,7,6,7,5,2,6,0,0,2,20,15,Under average,recently i meet one person. he was kows about history very well.then he was like reading literature. and he was very talkative.he tends to talk at length about the things he's learned about most recently.,Male,No,White,4,1,dt,18,i am 21 year old us citizen. a socially responsible person. a young man who lovess democracy. i was always gives respect to fellow human beings. and i never does not give up my self respect for anything.and also never harms others. i am very talkative to everyone.,1,-1,3
P114,36,27,32,46,6,10,9,2,4,7,6,7,8,4,5.86,2,0,2,19,12,Above average,he seems like a fun but chill person to interact with but not much stands out about him,Male,No,Black or African American,NA,2,meech,13,my name is Meech I like music video games and movies I also enjoy photography and nature walks im pretty introverted and dont do much outside of home                                                                                                                                                                                                                                                           ,13,1,2
P005,24,47,39,34,4,16,11,0,3,6,5,3,9,5,5,1,1,3,10,19,Under average,"This friend tends to get along well with others and is quite sociable. They also have a sense of obligation or closeness to family, which means that sometimes we don't get to spend time together, but I think it is a really good thing to try and maintain family bonds if you are in a position where that is something you want to do.",I would rather not say,No,Asian,6,1,SJ,27,"Hello, feel free to get in touch if you want to talk. I like cats and I am trying to read more, so if you want to send recommendations that is fine, too. Pronouns: any/none.",13,1,5
P029,48,13,41,47,5,2,4,3,5,6,9,9,10,16,6.05,3,0,13,18,11,About average,"He's around my age, and also is from the states. He's pretty particular about money, and always splits everything very evenly. The sort of person to not loan money unless it's really serious. ",Female,No,White,NA,2,SK,3,"Hi, my name's Sarah! I'm a fan of art, writing, and playing video games. Right now, my favorite video game is the Spider-Man Playstation game. I'm also a fan of comics and movies!",5,-1,1
P203,48,29,23,37,1,9,9,3,2,7,9,7,6,0,4,NA,NA,NA,15,9,About average,He likes to save money and values good realtionships. Saving money is his biggest thing.,Male,Yes,Biracial,4,2,john,0,"I am 22, and I enjoy listening to music, playing video games with friends, and relaxing in the sun. I work most days of the week and enjoy my personal time. I value privacy, respect, and good relationships.",11,1,1
P070,36,30,36,43,3,19,12,4,2,4,6,7,7,6,5.14,3,1,2,12,18,About average,"He is someone who loves attention to detail, but it can lead him to fall behind.",Female,Yes,White,NA,2,as,7,"Hi, I am A. I am a little bit shy but I am trying to get out there. I like listening to music and instruments, as well as dance. Lately I have been trying to get more into exercise again, but am looking for things that I can stick to.",7,1,2
P074,8,57,41,38,5,18,0,4,3,3,9,5,10,0,2.83,NA,NA,NA,13,19,Under average,He's a cool dude. Likes when you let him take the lead. Sometimes he's annoying and smells weird.,Male,Yes,White,6,1,BUB,27,"Human bean. I'm chillin'. Getting those victory royales, know what I'm saying? gottem. Gabagool enthusiast. Rat boy extraordinare. I like to eat chicken tenders and sleep. Chicken tendies for the good boy.",0,-1,-2
P201,76,2,32,43,6,1,0,1,6,6,8,8,6,5,7,0,0,5,21,12,Under average,He is a person who has many different interests. He is a person that you know and could relate with.,Male,No,White,NA,1,SN,27,Hello! I am currently a student at a 4 year university and I also work full-time. I'm currently in the healthcare industry and learning something similar in college.,5,1,1
P346,72,8,34,46,6,2,3,2,3,7,10,5,6,7,5.56,4,0,3,22,6,About average,He is a very smart guy. He enjoys sitting down with a good book then talking about all the cool facts he read about. ,Male,No,White,NA,2,Crab,15,"Hi, I'm crab. I like to spend time with the boys doing everything from gaming, to having a few drinks outside grilling up some good food. When I'm not hanging with the boys, I like to express my creative side by painting. ",6,-1,4
P188,4,28,24,48,2,23,21,0,2,7,10,10,10,3,5.14,3,0,0,19,14,Above average,"This person is someone who some people may or may not like. However, they tend to be there for people although it might be unnecessary.",Female,No,Asian,5,2,cat,25,"hi! i'm cat. i'm not sure what this is for, but i like staying home and listening to music, clean, organizing-- i'm boring! right now, i'm currently in university studying psychology, but i don't know if that's really the field i'm going to go for. however, i'll figure it all out!! wooppieee",11,-1,2
P189,64,8,29,27,4,9,3,16,5,6,6,4,4,1,7,0,0,1,23,10,Under average,"He's a family guy, family comes first before anything. If something comes up with his folks and you guys have plans he may ditch you to go help out.",Male,No,White,5,1,Skip,15,"I like sports and video games. I love drinking beer, eating sandwhiches, and gambling. But yeah I also love television, Breaking Bad, The Wire, The Sopranos. I also consider myself a cinephile.",4,1,3
P006,72,5,20,37,5,4,1,0,3,7,7,6,4,4,4.38,4,0,0,13,19,Under average,He is very smart with his money and saves whenever he can. He doesn't usually lend money to friends unless it's a dire situation. He likes to shop at thrift stores too.,Male,No,White,5,1,B,27,I have brown hair and brown eyes. I like to program in my free time and am working an an indie game. I also enjoy creating miniature scenes with my girlfriend. ,7,1,2
P202,28,57,42,48,7,24,21,9,5,3,8,9,6,1,5.6,1,0,0,22,7,About average,This person is very set in his ways. There's a possibility that there's better options but once he's set on something that's all she wrote. ,Male,No,White,4,2,S,24,"Hello, I'm S and I'm 22. I enjoy being outdoors and watching movies. I am a father of one toddler whom i love more than anything. I have been with my spouse for almost 5 years.",11,1,1
P135,40,6,25,36,4,7,9,2,2,3,8,4,8,1,6.5,1,0,0,14,13,Under average,He's a very self centered person who only cares about themself. He doesn't help out his friends and would'nt help them if they were in need.,Male,No,Black or African American,5,1,SB,16,"Hi, my name is SB. I'm 20 years old and I'm in my third year of college. I have six siblings and they're pretty annoying if you ever meet them. I'm very excited to meet all of you and happy to work with you guys.",5,-1,-4
P088,80,2,16,43,4,1,0,0,5,9,8,6,3,4,3.33,0,3,1,25,5,Above average,"There's this person who's incredibly determined and persistent. Once they commit to a goal, they go all out to accomplish it, no matter the difficulty or duration. You might not be fond of this individual, but their unwavering drive is quite remarkable even though you might think it's annoying. ",Male,No,White,4,2,H,10,"Hey there, everyone! My name is H, and I'm thrilled to join this amazing community. You can find me exploring the great outdoors, fully embracing the thrill of hunting, fishing, and everything in between. There's nothing more exhilarating than immersing myself in the wilderness. Oh, and did I mention my faithful companion? My dog is my trusted partner on all my adventures",4,-1,3
P211,68,37,36,38,5,3,6,1,4,6,9,7,9,6,6.17,2,0,4,19,11,About average,This person is very money cautious. They are very specific on how bills are split and what their money has to be spent on. They go thrifting and find other ways to cut costs like using internet deals. They prefer to not lend money to other people unless it is a true emergency.,Female,No,White,6,2,Brooke,26,"hi! i'm a junior in college and i'm super into music and photography. my favorite artist right now is djo! i work at a pet spa, so i get to see lots of dogs and cats all day:) ",4,1,-2
P110,28,38,39,49,7,17,16,2,5,8,10,8,8,3,6.75,0,0,3,20,7,Above average,He is a very kind and caring person. He even likes to hang around and eat with his family which is a great thing to continue doing. ,Female,No,Asian,4,2,Meh,5,"My name is Meh and I have many hobbies which include art, gaming, dancing, singing, cleaning, and shopping. I have a very large family of seven people. But have an even larger family back in my home country, Pakistan. I was born in Pakistan and came to the United States of America when I was around two and a half years. I have lived in America ever since and have enjoyed it very much. ",10,1,4
P343,28,30,42,44,6,15,8,1,5,7,2,6,9,3,5.14,1,0,2,8,21,Under average,"He calls and visits his parents on a regular basis, even if it measn he won't see his friends",Other,No,White,5,1,em,25,"I have a cat and I love anime and kpop, my favorite groups are skz and bts. I'm a senior in college majoring in animal studies and minoring in french. ",6,1,1
P204,68,10,41,52,6,4,2,7,8,8,6,6,5,3,5.83,1,0,2,11,18,Under average,"He is a very hardworking man. He wants to be and feel successful in life. Though, sometimes he has a little difficulty getting tasks done.",Female,No,White,4,1,aileen,3,"I am a sophomore nursing major at TXST. I am from Houston, TX. I love music and going to concerts. I was fired from Kohl's.
Fun fact: I have been skydiving.
",4,-1,2
P237,40,32,38,52,6,17,21,1,4,7,8,7,9,2,5.4,0,0,2,13,16,Under average,This friend is a hard worker who some would call a perfectionist. he often takes on multiple projects at once because he doesnt like to call things finished.,Female,No,White,3,1,delainey,3,"Hi! My name is Delainey, I love all things scary and spooky. I have a pet snake  named crowley. i love horror movies and true crime documentries. I'm into gothic fashion and colorful hair. im a huge history buff and i enjoy learning new facts.",8,1,1
P284,64,14,34,34,5,1,1,2,3,7,5,8,7,1,4.6,0,1,0,14,17,Under average,"He's your favorite friend, the one who's reliable and loves those close to him very dearly. His family is first in his priorities",Female,No,Biracial,6,1,MH,7,"Hi I'm MH and I'm from Texas, USA. I'm a big foodie (my favorite food is sushi) and a few of my hobbies include embroidery, finding and trying local shops, and playing badminton. I also have 5 indoor cats :)",6,1,4
P190,76,33,31,25,3,3,3,2,2,7,9,8,7,0,6,NA,NA,NA,11,21,Under average,Michael is a very nice person and very ambitious. He is always open to learning something new.,Female,Yes,American Indian or Alaskan Native,6,1,Alyssa,19,"Hello, 
I am 22 years old. I live in Las Vegas but grew up in California (Fresno). I am going to college in LV and really love it there. I love listening to a variety of music and also like to workout. I like to bake and you can find me shopping most of the time lol",4,1,4
P112,56,34,38,51,2,22,12,6,5,4,6,6,8,2,4.25,1,1,0,22,7,About average,He likes to go home and spend time with his parents as often as he can. His family is a priority to him. ,Female,No,White,6,2,Mac,25,"Hi I am Mac. I am a student in Michigan about to graduate college. I enjoy hiking, camping and hanging out with friends:) I am currently a marketing intern and plan to go into digital marketing once I graduate. I love dogs and sunsets!",8,1,2
P120,72,1,21,41,4,4,2,6,10,9,8,9,5,13,4.9,4,3,6,21,7,Under average,hes very kind and loves his family. Very close to his family and always makes time for them. ,Female,No,White,NA,1,jenna,25,hello    im jenna  i love modeling and photography and im in college for ultra sound. I just moved to the city for school. I have one cat he is my best friend. I have two brothers (im the youngest),12,1,4
P214,52,21,34,49,6,12,14,3,5,5,9,9,7,6,6.3,2,0,4,15,19,Under average,"He is the type of person to over complicate simple instructions. He has the best intention and gets the work done, just not efficiently ",Female,No,Biracial,5,1,Kaleigh,0,Hi my name is Kaleigh and I enjoy fitness and dancing. I have 2 cats at home who are my little babies. I have dreams to be a professional dancer and would love to live in a big city.,4,1,-1
P297,16,41,42,43,5,17,17,0,3,7,8,7,9,0,4,NA,NA,NA,10,21,Under average,Do you know your friend that hates spending money? He only has enough for basic necessities and never spends any extra.,Male,No,White,4,1,CD,27,Hi everyone! I am 20 and currently in college going into Game Design and getting into 3D Modeling. I enjoy playing games and puzzle-solving as well.,5,1,3
P116,20,41,37,37,3,21,21,0,6,7,8,5,9,4,5.5,2,0,2,7,25,Under average,"He is very detail oriented. He is so careful with everything he does, sometime he overcomplicates simple things. Because of this, he is bound to miss some deadlines.",I would rather not say,Yes,White,NA,1,alejandro,27,"hello, my name is alejandro, and i enjoy playing golf and building computers/keyboards. im currently a computer science major and hope to contriubte to research in other planets to find a more habital place for humans",13,1,2
P301,64,14,36,19,4,2,6,5,3,3,7,9,6,5,5.78,2,1,2,22,7,Above average,"This dude is amazing at saving money even too good at times,  but if you ever need help he won't",Male,Yes,White,NA,2,Alex,27,"Hey guys, my name is Alex I'm currently attending college at ASU studying to become a nurse. Some of my interests include sports, video games, and collecting sneakers. Some things I enjoy doing in my free time is working out, going to the movies, and thrifting.",7,-1,-1
P286,24,33,37,35,4,21,6,0,3,5,8,6,8,3,4.25,2,1,0,10,19,Under average,This guy likes to spend time with his parents and always tries to make time for them even if it means spending less time with his friends. He eats dinner with them every day.,Female,No,Asian,8,1,h,3,I am a 20-year-old college student studying psychology. I like playing sports and sleeping. I also love food and spend a lot of time on TikTok.,3,-1,2
P038,36,52,37,32,1,17,18,7,3,7,7,4,9,0,5.5,NA,NA,NA,18,7,Above average,"Hey Sam do you know my friend? Hes a talker! But he is so informative it really makes you think, almost makes you feel that you want to learn more. I definitely feel more enthusiastic when talking with him, you shoukd meet him!",Female,Yes,White,4,2,Ashley,3,Hello! I am an adventurous person who likes photography camping and enjoying nature. I try to see the glass half full! I am currently a nursing student and most nights consist of spending time with my husband and two dogs.,6,1,4
P180,32,22,34,45,7,13,9,11,6,9,6,7,6,2,6,0,0,2,19,11,Under average,Sometimes when I try to hang out with my other friend he cancels because his mind gets set on one thing and he can't drop it so plans fall through.,Female,Yes,White,4,1,an,25,"Hi, I'm An, and I like watching Netflix, going out with friends, and listening to podcasts. My favorite colors are green and blue, my personality is shy when I first meet people but once I get to know someone I'm outgoing.",10,-1,1
P157,44,14,38,48,4,9,7,8,6,9,6,7,8,9,4.87,5,1,3,22,6,About average,"This person is quite stubborn in their choices and ideas. Once their mind is made up, it is near impossible to change. ",Female,No,Biracial,3,2,L,25,"Hello! I am a musician. Piano is my main instrument, but I also play the guitar, sing, and harp. I am starting to learn the kalimba. I enjoy watching TV shows and movies, as well as journaling, reading nonfiction (mostly) books, and being with friends. I am a college student studying music therapy and in the process of looking for internships in order to complete my degree. ",6,-1,2
P314,40,32,40,49,6,13,16,12,7,8,10,8,6,9,4.62,6,1,2,19,10,About average,Michael is a very generous guy. I think he really cares about making sure others are comfortable. He is very down-to-earth.,Female,No,White,6,2,ads,12,"hi! i am from a big city. i am also a college student currently studying psychology. i really enjoy hanging out with my family, friends, and pets. i am also really into reading, writing, and watching movies and tv shows. its nice to meet you!",5,1,4
P196,72,0,30,43,4,1,0,8,10,9,2,7,5,18,3.5,4,10,4,10,14,Under average,"He is very driven and passionate about what he does. No matter how hard and time consuming the task is, he will get it done",Female,No,White,7,1,KM,2,Hi! I am a college student who enjoys cheering on my teams and hanging out with friends. I am really outgoing and meeting new people. I'm a girls-girl and love reality TV shows. I have two dogs and miss them so much while at school. I'm from California and love to tan and relax at the beach,6,1,3
P329,92,1,30,43,6,0,1,6,7,8,4,9,4,3,7,0,0,3,19,11,About average,He likes to cook with his family but does not get to do it as often,Female,No,Asian,NA,2,Jo,23,"Hi I'm Jo and I just moved from New York. I like to play tennis and go hiking when the weather is nice. One of my favorite hobbies is cooking, but I do not get to do it as often as I'd like.",4,1,2
P079,24,25,37,45,5,25,21,5,3,8,9,7,9,0,6.67,NA,NA,NA,17,9,Above average,"This person is a very determined type of person. Sometimes, a little too determined for his own good. You can confide in the fact that he will get everything done, but not that he will stop.",Female,Yes,White,7,2,bri,26,hello my name is bri. I love to draw spend time practicing guitar and writing music. I currently work a part time job and love to hang out with friends and family on my days off. ,8,1,2
P333,56,31,28,29,4,5,1,3,3,7,6,6,8,2,4.67,1,1,0,19,14,Under average,"This guy talks a lot about things he is passionate about, like history and literature.",Female,No,Asian,NA,1,kk,0,I like to play video games with friends; these days I am playing valorant and battlebit. I am also trying to pick up crocheting and just made a flower bouquet! ,4,1,2
P179,36,21,39,40,4,12,8,4,5,9,7,6,8,2,6.6,0,0,2,7,20,Under average,"He is very passionate about his beliefs and often goes about making decisions based on intuition or his gut feeling. He likes to go about things his own way and even if things go wrong, he learns from the negative experience. ",Female,No,White,NA,1,EM,4,"Hi! I'm Em and I'm a recent college graduate. Now, I'm a therapist for kids with autism. In my free time, I really like to read and play games! ",7,1,3
P153,48,18,34,43,5,13,16,0,4,10,8,6,10,5,4.75,2,2,1,19,16,Under average,Michael is super nice and down to earth. He can be super helpful when needed.,Female,Yes,White,5,1,calli,0,"My name is Calli. I enjoy reading, thrifting, Jesus, and hanging out with my friends. I enjoy coffee an exceptional amount. I am a paraprofessional and work with Special Education students. I have two dogs and I love living in my apartment with my husband. I work partially for a church on their social media accounts and I absolutely love it.",5,-1,4
P227,68,9,34,43,4,2,5,2,9,9,9,10,7,7,6,3,0,4,9,21,Under average,"This guy is around our age, but is very frugal and careful with his money - moreso than the average 20-something-year old. He doesn't like loaning his friends money, unless it' s a dire situation. If we go out to eat together, he will carefully split the bill so he will pay for exactly what he ate. He only really shops at thrift stores or uses internet coupons and promotions when shopping online.",Female,No,White,6,1,Court,25,"Hello! My name is Court and I'm a current university student going into medical school. My hobbies include running, working out, and baking. I love exploring new cities and traveling to places I've never been before!",6,1,2
P047,48,48,37,47,5,23,21,1,5,5,6,6,10,2,5.5,1,0,1,17,16,About average,A very focused individual who doesn't look at details and takes him more time than most to finish tasks so they miss deadlines,Other,No,White,NA,2,thorn,12,Hi! I'm thorn! I'm a nonbinary pal from Ohio and most of my time is spent on twitch :) I am an hobbyist esports analyst mainly for Apex Legends and I love gaming. ,5,-1,-1
P060,48,8,30,50,6,8,5,2,9,8,8,5,7,8,4.91,2,1,5,11,21,Under average,"This person doesn't like to spend money. He usually tries his best to buy the cheapest things, splits bills when possible, and usually doesn't pay for people or lend money if he doesn't have to",Male,Yes,White,3,1,Andrew,27,"My names Andrew, I live in Texas and I have 2 cats. I'm very into politics and music, as well as a few video games. I love to travel, although most of the travel is within Texas",5,-1,2
P063,68,23,29,54,6,8,3,0,3,8,8,5,7,0,7,NA,NA,NA,11,20,Under average,This person is very financially organized and believes that budgeting is a great way to handle your money. Using second hand clothes and only giving money to friends in dire situations. ,Female,Yes,Other,4,1,KRA,25,"Hey, I'm a college student who gets can't stop daydreaming or thinking about Leon S. Kennedy. School isn't exactly my priority these days (though it should be).",7,-1,2
P037,36,30,33,38,4,11,11,2,4,6,7,5,8,0,6,NA,NA,NA,12,18,Under average,He's a guy that's really smart and likes to talk about things he learned recently. It's usually about history or art. ,Female,No,White,4,1,M,3,I learned how to crochet a few months ago and now I'm making a doily. Very small and time consuming but I enjoy it. I have no pets but I wish I had a cat.,4,-1,3
P046,60,20,31,39,4,8,9,17,9,6,10,6,10,4,5.67,3,1,0,14,15,About average,"Hey! I have a friend I think you would get along with! He is fun and family-oriented, but not too much where it's weird. He goes out a lot with his friends and seems to have a good time. ",Female,Yes,White,4,2,jnun,3,Hey! Recent graduate attempting to discover their path in life. Look out for the comedic twists along the way. Passionate about film and television! Making memories is my favorite hobby!,8,-1,4
P323,60,30,31,28,3,4,5,2,2,8,5,9,9,11,4.85,3,3,5,6,19,Under average,"This person is someone who is very detailed oriented, to the point where it can sometimes become inefficient. It sometimes makes him take longer than necessary to complete tasks but you can be sure the task was done thoroughly and carefully.",Female,No,White,3,1,Anna,3,"Hi! My name is Anna! I just moved to Nashville to start a nursing job and I am looking to make new friends! I love to hike, read, run, go to the pool, and grab coffee.",6,1,2
P187,40,51,43,44,7,24,16,5,3,8,6,6,9,2,4.8,1,0,1,19,10,Above average,He is such a history buff! He will probably know the answer to whatever question about history you will ever have. ,Female,Yes,White,7,2,Angie,26,"Hi! I am Angie :) So nice to meet you! I am in college right now studying finance and am in a sorority! I love shopping, exploring the city, going to concerts, and traveling! I have a side hobby where I post content on my fitness accounts, too! ",9,1,4
P371,56,4,29,48,4,8,5,3,4,6,6,6,6,1,5.4,0,0,1,21,7,About average,"i have a friend who is very knowledgable with history & literature, they can go on & on with the amount of books they're always reading. i love that they love to talk about it so much though, they're very articulate about it, amongst other things.",Female,Yes,Other,NA,2,raizy,19,"hii im rai, i love watching movies and going bar hopping with my friends! my fav color is maroon, i'm a sag and i have a 15 yr old dog named cookie. i love watching basketball games with my bf and especially going to them. my city has the best arena vibe",7,-1,4
P269,40,22,40,39,4,6,6,5,3,9,9,6,8,3,5.6,3,0,0,10,12,Under average,He's very thrifty; he tries as much as he can to save money in any scenario. This even extends to his friends.,Male,No,White,8,1,NK,22,"Hey! I'm a university student studying computer science splitting my time between the US and Canada. I'm into rock climbing, running, reading, and playing (a lot of) video games. I'm also deeply interested in social justice and international relations.",7,-1,-1
P019,80,7,27,48,5,4,1,0,6,3,10,10,4,1,6.2,0,0,1,24,7,About average,"He likes history and going into long talks about everything he's learned, he's quite passionate about it, and he is 20",Female,Yes,White,NA,2,V,25,"heyy guys, 
i'm obsessed with coffee, binging shows, and music...anyone else? ehehe anyways nice to meet you <3 I am 20, am working towards being an actress, and I love getting to meet new peple",9,1,2
P072,48,15,25,49,6,13,6,1,9,9,10,9,5,7,5.83,3,1,3,25,5,Above average,"I know this guy that is really determined, once he makes his mind up about doing something, there's no changing it. He's very headstrong and gets stuff done. He doesn't really budge once his eyes are set on a goal",Female,No,White,7,2,Allie,2,"Hi! My name is Allie and I am a 20 year old college student studying to become a preschool teacher. I love art, animals, nature, and doing crazy things. I have some fun tattoos like a snake, dragonfly, skeleton bunny, cat, and stars on my neck. I love to have fun and do unexpected things.",13,-1,2
P182,80,6,26,48,7,7,21,12,5,8,6,9,4,4,6.33,1,0,3,25,5,About average,Hi sam I have a friend that you would possibly like he loves his family and every weekend he would go have dinner with them. He would also call and check on them everyday.,Female,No,Biracial,NA,2,jl,6,"Hello, I am 21 years old and I recently just graduated college with my assosiates degree. I currently work at burger king as a cashier but soon would like to go back to school to study ultra sound tech.",13,-1,2
P206,76,9,31,40,4,0,10,2,6,7,10,9,6,6,4.7,3,2,1,16,10,About average,"There's a really nice guy I know that makes sure to spend time with his family every week and always gives them attention, even when it stops him from seeing his friends. It's very sweet.",Female,No,White,7,2,Lindsey,25,Hi there! I'm Lindsey! I'm 22 and striving to be an interior designer. I love to travel and will go to 11 states this year! I love to read and want to improve myself!,11,-1,4
P166,72,0,33,48,6,0,0,6,5,7,8,7,8,1,7,0,0,1,18,13,About average,"I am talking about a person that is a man and also is an extremely detail oriented person, almost a perfectionist",Female,No,White,6,2,Mak,3,I am a person taking a survey to make a little money so i dont feel bad about buying coffee. I am outdoorsy and like mountains and oceans and rivers and lakes and trees and animals,13,1,1
P274,100,20,31,48,4,3,6,0,6,7,7,7,6,0,5.5,NA,NA,NA,22,5,Above average,"I have a friend who is very hard working and caring, and is down to earth. They work very hard and study a lot, and take school very seriously.",Male,Yes,Black or African American,6,2,EA,13,"I love learning about tech, and I have a background in Cyber Security. I like to read books on my free-time, and play video games every now and then. I also love going to the gym, and I enjoy socializing with my friends, family, and girlfriend whom I adore.",11,-1,4
P062,56,19,34,54,4,16,13,21,4,7,9,4,6,3,6.5,1,0,2,21,12,About average,He loves to read and talk about everything he's learned. He has an intelligent way of speaking and can talk for hours even if it's not completely relevant. He is very smart and picks up new information fast. ,Female,Yes,White,NA,2,H,18,"Hello, My name is H. I love animals and art. 
I spend a lot of time watching tv or playing games. 
I love to travel and have lots of plans for the future!",6,1,3
P312,20,52,41,55,5,27,21,1,5,6,10,6,9,2,6.17,1,0,1,19,11,About average,He is determined to do the things he sets his mind to. You couldn't tell him he can't do something because in his heart he will do it and already have a way to do it.,Female,Yes,White,6,2,Jack,25,"Hello! I am Jack. I like to be creative and do hands on activities including making jewelry, paint, make crafts, and garden. I am 20 and do not work nor study but I am looking for a job. I like watching shows and movies and am a fan of psychological horror movies. Hereditary is my favourite horror movie. I also love music from movies and shows and love to listen to it when doing work!",10,1,2
P009,80,2,20,8,4,0,1,1,4,6,9,6,5,9,3.12,1,5,2,12,17,Under average,michael is a good guy is happens to be very deticated to any task that he happens to put his mind to so keep in mind that when he is completeing said task it'll be hard for him to sway away from said task ,Other,No,American Indian or Alaskan Native,5,1,xeno,17,howdy im an introvert who stays to themselves and likes to cook andf clean and read in their free time i like long walks on the beach and i have a cat named taz and i just so happen to work at home so that may or may not positivily inpact my intovertedness  ,8,1,2
P275,52,3,19,53,7,6,10,4,3,10,2,9,10,2,7,0,0,2,21,7,About average,I met this person. They love talking about new thing that they learned. They love learning about history. They will forever talk your ear off about it in a good way.  They are very passionate about history. ,Female,Yes,White,5,2,Brit,7,"Hello, 

I am brit. I really enjoy listening to new music. I am going to be married this year in October on Friday the 13th. I am really excited. I work in a law firm.",8,-1,4
P228,32,12,29,39,5,6,6,1,8,7,9,8,5,7,5.18,1,3,3,22,7,About average,"He can speak for a while about all things history and english literature. He has acquired a wealth of knowledge from reading and even if it is not relevant to the conversation you are currently having, he will surely catch you up and anything new he has recently learned about. ",Female,Yes,White,NA,2,Kate,25,"Hey, my name is Kate and I am from Florida. I have two cats and a dog. I go to college and work part-time. In my spare time, I like to play video games on my PC, read fiction novels, swim, and spend time with my roommates. I graduate this summer in August. My new favorite music artists are SZA, Flo Milli, Doechii, and Kali. Favorite cartoon is Steven Universe <3",6,1,3
P317,72,8,40,46,7,2,4,5,4,8,6,4,7,2,5.1,1,0,1,21,7,About average,He is a kind and loves his parents a lot. He makes it a point to try to have dinner with them once a week.,Female,No,Black or African American,NA,2,CO,5,Hi! my name is CO and I am a college studentand currently living in the city and work as a pharmacy technician. I live up north but my family is from the south and and I am just adapting to the new change in scenery.,12,1,4
P243,52,33,41,40,4,9,7,12,6,4,8,6,7,7,5,1,2,4,10,20,Under average,"He likes to read a lot and talk about history, he often talks about what he is interested in even if it is not the topic of conversation.",Male,Yes,Biracial,4,1,Andrew,27,"My name is Andrew, I'm a college senior studying international studies and Spanish. I like to travel and have been to some amazing places around the world. I also like to do activities outside such as hiking, fishing, and swimming.",6,-1,-2
P276,68,13,36,50,4,19,20,0,3,7,3,3,10,1,6.33,0,0,1,22,13,Under average,He is very conscious of his spending habits and financially responsible. ,Female,Yes,White,NA,1,ER,19,"Hello, hope everyone has had a great day so far. My name is Emily and I have lived in Arizona for my entire life. I love to go on evening walks and hike in the winter/fall. ",4,1,2
P229,68,23,27,43,6,4,0,1,5,6,10,8,3,5,6,2,0,3,20,10,About average,"He's very rigid, and will commit to anything he's made his mind up on even to a fault.",Female,No,Black or African American,6,2,Elizabeth,5,"Hello! I'm Elizabeth. I'm a 20 year old university student who studies film and creative writing. I like to travel, spend time with my friends, listen to music, play the piano, read, and write.",3,-1,2
P359,36,25,38,53,5,16,16,7,7,7,5,6,7,9,6.19,2,0,7,13,17,Under average,He is a very determined and hardworking person. He puts 100 percent into everything he does and will always be a dependable person.,Female,No,White,7,1,meghan,25,"Hi my name is Meghan. I am 22 and I am a bioengineering major. I love to explore Boston on the weekends. Particularly I love to shop on Newbury, sit in the Commons, and then hit the bars at night",6,1,3
P034,28,13,35,47,4,21,17,1,5,6,7,4,9,2,5.33,2,0,0,14,19,About average,He is the guy that knows everything that they know bout any history that you'd want to know. He's your history encyclopedia.,Female,Yes,White,3,2,deli,3,"deaf person who likes to make a lot of deaf jokes about themselves, and actively pursues bright and bold colors in just about everything I do.",3,1,4
P295,16,31,29,44,5,9,15,0,2,8,6,5,8,2,5.67,1,0,1,17,13,Under average,"My friend is a detail-oriented person but a very hard and reliable worker. While he might be absorbed in his work, rest assured all his finished work will be nothing less than perfect.",Male,No,Black or African American,7,1,Codes,16,Hi. I'm Codes. I'm in college majoring in biology. My dream career is within the medical field either as a physician or in biotechnology. I love listening to music and love broadening my playlist with new songs. I'm a very curious individual and love exploring and learning new things and places when I get the chance.,7,-1,3
P132,88,9,24,50,7,7,1,5,5,8,6,9,7,4,6.43,1,0,3,21,7,Above average,"Michael is very careful with his spending, he avoids spending on wants rather than on his needs. He will always attempt to split the bill, thrift for clothes, and avoids lending money to avoid any complications unless extremely necessary ",Female,Yes,White,NA,2,lai,25,"Hey, I am a 21-year-old girl who loves the color green, have two hermit crabs, and my favorite foods are shrimp tempura and burgers. I really enjoy nature, so hiking and running on trails is my favorite thing to do. But I absolutely hate the rain",7,-1,1
P103,44,33,34,39,4,9,6,1,4,8,8,7,8,5,3.67,1,4,0,6,22,Under average,"He is a college student, and he is a man. He is a good friend and he likes sports, and video games.",Female,No,White,NA,1,Anna,3,"Hi there! My name is Anna and I'm not sure what to write here, but I love reading, video games, anime, k-pop, and studying psychology! I've actually earned my bachelors in psychology, and I love working to help others.",13,-1,1
P101,48,7,35,44,6,3,4,2,5,8,7,6,6,7,5.32,0,0,7,19,8,Above average,"he loves spending time with his family and parents and makes sure to eat dinner with them every week, even if that means not seeing his friends. He also calls his family frequently as well",Female,No,White,6,2,AS,3,"Hi! I am a recent college grad, I love sports (basketball is my favorite), music, animals (my family has 6 cats at home), and spending time with my friends and family.",5,1,1
P239,68,6,25,40,4,6,4,9,6,7,9,8,6,0,5.4,NA,NA,NA,12,15,Under average,He is smart and interested in expanding his knowledge in subjects such as history and literature. He enjoys reading and talking with others about these subjects.,Female,No,Biracial,NA,1,Monique,9,"My name is Monique. I grew up in San Diego. I am 22 years old. I am currently a senior college student. I play for a Division 1 soccer program in southern Indiana. My hobbies include hiking, art, and photography.",4,1,2
P018,44,14,37,50,5,11,8,9,8,6,8,6,8,5,5,2,0,3,15,12,About average,He is very close with his parents; sometimes he will ditch his friends just to hang out with them! They have dinner together often too.,Female,No,White,6,2,CA,2,"hey y'all! i'm CA and i'm excited to chat with everyone :) ask me about my cats and my music taste!!
i'm a junior in college studying english and spanish!",9,-1,2
P002,48,41,41,53,5,15,10,10,7,7,4,7,6,5,5.88,0,0,5,14,21,Under average,You know this person very well and they do not change their mind on things.,Female,No,Asian,5,1,SJ,19,Hi I am SJ I love to read books. I also love taylor swift and kpop. I am currently in college and studying genetics. In my spare time I like to practice knitting and watching tv.,9,1,1
P095,64,4,17,30,3,8,2,4,4,7,7,8,4,4,5.75,1,0,3,21,9,Under average,Hey Sam. I have friend who visits his parents on a consistent basis without missing anytime. He sometimes forfeits spending time with friends,Male,No,Biracial,5,1,TM,16,Hello Im TM. Im heavily engaged in personal finance and self-improvement. I have a strong work ethic and believe that anything can be achieved if you put your mind to it and put the necessary work in.,2,-1,1
P220,64,13,34,48,5,5,2,4,5,8,10,8,5,9,4.33,3,3,3,19,13,Above average,"This guy really likes reading and history, and will frequently bring up things he's learned recentely regardless of whether the info relates to the conversation at hand",Male,No,White,4,2,Drew,22,"Hi, I like golfing, theatre, and traveling. I'm generally a friendly person, but I keep a tight circle of close friends. I am not very active on social media. I also enjoy exercise and dance. ",4,1,2
P221,88,7,27,45,5,0,0,4,7,6,10,5,8,3,6.5,1,0,2,19,14,About average,This person is very... let's say confident in themselves and the decisions they make in life. I know they're a person you don't like.,Male,No,White,NA,2,Luke,27,"Hellooooo. I'm Luke, 21, from Louisiana. I like puzzles, video games, food, money, friends and family and I am just here for a good time. And now I am just writing to reach the character limit because for some reason it won't let me continue unless I write a books worth of information and I am not gonna go into my life story like it probably wants me to sooooo yeah",6,-1,-4
P150,28,34,33,40,5,15,8,14,3,8,9,5,10,4,6.29,1,0,3,11,16,Under average,"He brings up historical facts a lot, and talks about literature quite a bit.",Female,No,White,NA,1,madi,4,"hi! I'm madi, I am 21 and I enjoy knitting and crocheting, playing the sims, and hanging out with friends :) I work as a coach at a kid's gym.",8,1,1
P230,52,43,39,55,6,14,16,2,4,8,10,3,7,4,5.67,2,0,2,22,9,Above average,This person is a history and literature buff who loves to have in depth conversations about those interests ,Female,No,White,5,2,Riley,4,hi :^) Im Riley and I like bugs and plants and fish and reptiles and art and music and nature and horror movies/games. I work as an instructional assistant in a school during the school year and I work at a summer camp over the summer. ,9,1,3
P192,72,11,36,39,4,9,1,10,5,8,7,8,5,0,7,NA,NA,NA,20,11,Under average,"So he is an interesting guy who can be a little reserved but he seems nice enough, just have to give him a chance",Male,No,White,8,1,Dylan,27,"Hi, my name is Dylan. I'm 19 and from the United States. I'm currently in college where I'm studying journalism and political science. I hope to be a reporter working in Washington, D.C. after I graduate from college.",6,-1,3
P127,60,8,23,39,5,8,0,5,7,7,7,8,5,1,7,0,0,1,18,7,About average,He's very close to his parents. He is in constant contact with them and he really enjoys their company. Sometimes even more than that of his friends.,Female,Yes,White,2,2,LC,19,"Hi everyone, I am LC. I currently live in what seems like hell because of the high temperatures here in Arizona. I am a mother to a Husky who can also be referred to as drama queens/kings.",13,1,2
P248,80,6,16,48,7,0,0,2,6,6,9,9,3,3,7,0,0,3,21,7,About average,He is either stingy or economical but he should learn how to enjoy life and help more.,Male,No,Black or African American,7,2,EA,16,"I love to play video games, watch movies and listen to music. i love making friends and also going on vacations or parties to have some good and entertaining fun.",4,1,-3
P109,100,0,42,44,4,0,0,0,6,10,10,8,10,6,7,0,0,6,25,9,Under average,He is very a detail oriented person which can sometimes causes problems for him because  of any deadlines that he might have,Male,No,White,NA,1,E,18,"I'm 21 years old and I like to play video games, read, write, watch TV, and spend a lot of time with my friends. I have four cats and I'm a fan of wrestling",8,-1,2
P171,56,27,38,39,5,17,10,5,4,5,5,4,6,2,6.2,0,0,2,14,13,Under average,He is very goal oriented and focused on what he gets done in the moment. ,Female,No,White,6,1,kale,3,I like to investigate the paranormal and explore abandoned places. I also love acting and singing. I am very interested in making my own book someday and also making my own horror movies as well.,11,-1,2
P099,16,46,33,47,6,17,20,10,2,2,9,4,8,3,4.4,0,1,2,5,25,Under average,"He is very careful with money. He always chooses cheaper options, like thrifting, couponing, and shopping at bargain grocery stores.",Female,No,White,3,1,Rosie,26,"I'm pretty bad with social skills, so forgive me if I make a mistake. Um, I'm not really sure what to share, I work better with direct prompts :')",7,1,1
P028,32,28,45,42,3,12,4,12,6,6,9,10,9,10,5.57,2,0,8,9,25,Under average,"This person is super stubborn. Even if there's good reason against an action, they won't change their mind.",Female,No,White,6,1,pheebs,25,"Hi! Right now, I'm in college studying literature. I hope to be a professor one day. I love to read, spend time with friends, and listen to music. I just finished reading One Flew Over the Cuckoo's Nest. I highly recommend! Anyways, I try and live with a spontaneous approach to life; I love trying new things! A few months ago, I created a social platform. It was awful, but it was fun to make!",9,-1,2
P032,36,33,27,30,2,17,7,10,4,6,7,6,4,9,4.5,4,5,0,14,11,Under average,This man is a great man who loves to get things done and strives to be the best in what he does.,Male,No,Asian,6,1,AA,11,"My name is Austin, i'm a solo-prenuer/securities trader; specifically foreign exchange. I am very hard on myself and push myself to my limits because I know I have the potential to be better in every aspect in my life. I'm not very socially active just because I think about work almost every second of my life and will not be satisfied with anything until I reach my goals.  ",8,-1,3
P049,40,18,31,45,6,6,6,1,7,6,10,4,8,1,5.22,0,0,1,16,12,About average,"He is around my age and really likes to read. He knows a lot about a lot of different topics, and can be pretentious about those topics because of it. ",Female,No,White,7,2,Bandit,3,"Hey! I'm 22 and use she/they pronouns. I am currently studying for my boards in occupational therapy. I like cartoons, video games, drawing, reading, writing, and arts and crafts.",8,-1,-3
P216,52,24,33,46,6,10,13,5,5,5,6,8,8,1,6.5,0,0,1,9,21,Under average,"This person is very persistent. Once they set their mind to something, they will finish it no matter what. ",Female,No,White,4,1,J,3,"I'm a 3rd year college student who enjoys making music and drinking great coffee! I often find myself deep in a string of TikToks or at the library getting schoolwork done. I would love to chat, so reach out!",6,1,2
P193,52,20,32,45,5,9,8,1,3,5,10,7,7,3,5.86,2,0,1,19,9,About average,This person is very serious about family time. They make sure to have dinner with their parents consistently every week even if it is at the expense of hanging out with friends ,Male,No,Black or African American,5,2,Miles,16,"My name is Miles and some of my favorite hobbies include video games, sports, taking in nature, and watching anime/shows on netflix. My favorite movie of all time is Rush Hour 2 and the 4th one needs to be made asap.",9,-1,1
P090,40,18,49,39,5,10,7,6,9,8,10,3,6,4,4,2,1,1,22,21,Under average,"Michael is a gentleman close with his parents. A family man, he makes sure to set aside adequate time for his folks.",Male,Yes,White,NA,1,Jose,20,"Hello - my name is Jose. I am a Biology major who enjoys the cultivation and study of cannabis. In my free time, I study bass and skateboard.",3,1,2
P370,44,27,42,35,5,7,8,3,5,8,9,4,9,5,4.78,2,3,0,12,18,Under average,"This person is very detail-oriented, and they love finishing tasks on time! They're very dependable and disciplined. I think they'd be a great person to befriend.",Male,Yes,Biracial,6,1,Felix,15,"Hello everyone! I'm Felix, I'm originally from El Salvador and love pupusas! I'm a freelance graphic designer and love to find new ways to work from home. Looking forward to interacting with you all!",7,-1,4
P001,68,5,27,45,6,11,11,5,8,8,9,7,8,6,4.75,2,3,1,20,11,About average,"This is someone who is very careful with money. They try to save in every area of their life, and avoid loaning money to people unless it's an absolutely emergent situation.",Female,No,White,5,2,Boo,2,"Hi! I'm Lauren, but my family and friend s have called me Boo or BooBoo since I was little. I'm a graduate student and love to read and play the piano, though I do enjoy going out to unwind on the weekends. I'm also a big sports fan, especially college basketball. Go Heels!",8,1,2
P236,60,32,38,45,3,9,12,0,6,7,10,7,6,8,7,0,0,8,13,17,Under average,"He's a very determined individual,  though one might even refer to him as stubborn. If you were to ask him for assistance you are likely to be provided with the help you need.",Male,No,White,5,1,Flower,14,"I play video games, and watch a lot of different TV shows. I tend to love discussing the average consistency of my favorite voice actors among other shows.",6,-1,3
P335,32,18,35,36,3,10,7,1,4,8,6,5,8,3,3.57,0,3,0,14,15,About average,"He's an overachiever and a perfectionist. i Don't know how or if he has time for anything else besides working, You'd think with all that time he'd finish stuff on time but he sometimes doesn't.",Male,No,White,2,2,ts,10,i like playing valorant and being with my girlfriend. i live alone and am long distance with my gf. theres kittens that live outside my house and they're cute even though im allergic. i enjoy watching twitch streams and playing minecraft as well,7,-1,-2
P056,76,22,15,39,3,0,0,5,5,10,9,6,6,1,5.33,1,0,0,21,7,About average," you know that person who's always got their eye on the details? They're the ones who always creates work that's chef's kiss. They take their time on every project, and they always go the extra mile. But sometimes, their attention to detail can be a bit of a curse. They can overthink things and make simple tasks way more complicated than they need to be. And sometimes, they're so focused on getting things just right that they miss deadlines. But hey, at least their work is always top-notch!",Female,No,Black or African American,5,2,Bri,25,"Hi there! I'm Bri, and I love to read and shop. I'm always up for a good conversation, and I love to talk about everything from books to fashion to my latest finds at the mall. I'm also a great listener, so if you need someone to talk to, I'm always here! I'm looking for friends who are kind, funny, and genuine. If you think we'd get along, send me a message and let's chat!",8,1,4
P328,68,27,39,38,6,8,4,15,5,6,8,5,7,2,6.14,2,0,0,9,20,Under average,"While he may be stubborn, this guy is someone you would want on your team. he is sure of himself, even if he makes a mistake. He is willing to double down on his opinions and once he makes up his mind it is hard to change it. While this may be upsetting and frustrating, once you get to know him you realize that he is pretty open minded after all.",Male,No,White,NA,1,Spencer,24,"I am a lazy college student who has a passion for cars, food, and sleeping. I am active when I want to be, and often procrastinate. I keep it real 100% of the time and I do not lie/fake my emotions well.",13,-1,5
P149,60,23,22,46,5,11,10,8,2,5,10,9,9,0,7,NA,NA,NA,13,22,Under average,He is very close to his parents and makes a lot of effort to maintain a relationship with them. He often goes to their house for dinner. It is very important to him to maintain that close relationship.,Female,No,White,6,1,B,2,"I like music, art, and philosophy. I am not very outgoing or collaborative, but I like abstract logical thinking and contribute structure and direction when I am part of a team.",13,-1,3
P334,24,40,40,45,5,13,20,8,4,8,8,5,9,4,5.8,1,0,3,20,16,Above average,He is a person who likes talking about history. He talks an excessive amount of said topics even if we are not talking about the. ,Male,Yes,White,NA,2,DM,27,Hello I am currently a senior in college. I am trying to pursue a career that I hope that I can follow through with due to how competitive it is. ,6,1,1
P299,76,13,36,40,4,4,3,1,2,2,9,6,7,6,4,2,3,1,20,9,About average,He is a hard worker with a strong desire to complete things and the determination to do so. He will not quit and takes satisfaction from a job well done. ,Female,Yes,White,6,2,MSR,7,"Hi everyone! I'm Madi and I like movies, books, and performing theatre. I'm a psychology major, but if I could have any job it would be horror movie makeup and prosthetics. ",7,-1,4
P303,28,32,33,30,5,8,2,5,7,7,8,4,5,5,5.2,3,0,2,21,12,Above average,he talks alot about his favorite topics. I am sure it will interest you. He enjoys watching. So maybe you both can bring suggestions for a watch along,Male,No,Black or African American,NA,2,sn,13,"I am a university student. I like soccer. Favorite team is Liverpool. Eating is my second hobby. Enjoying different cuisines is exciting and adventurous. I enjoy watching action films like John Wick. I also enjoy listen to country. I prefer cats over dogs, but I like dogs, nonetheless. Cats are easier to maintain and sometimes much more pleasant to be around than dogs. ",2,-1,3
P078,20,34,36,48,3,27,21,2,2,5,4,5,9,3,5.2,3,0,0,15,15,About average,He really is careful with his money and doesn't like spending it. ,Female,No,Asian,NA,2,n,5,Hi my name is N. I'm a 20 year old student studying biology. I like to paint and play tennis. Hi my name is N. I'm a 20 year old student studying biology. I like to paint and play tennis. Hi my name is N. I'm a 20 year old student studying biology. I like to paint and play tennis. Hi my name is N. I'm a 20 year old student studying biology. I like to paint and play tennis.,13,-1,1
P044,48,25,26,30,3,8,7,1,2,6,4,6,5,2,3.91,2,0,0,9,19,Under average,This person likes to spend time with their family and will sometimes sacrifice their relationship with their friends to be consistent with their contact with their family.,Male,No,White,NA,1,Brendan,27,"Hi, I am a university student and I enjoy playing video games, playing chess, watching movies and tv shows, and skateboarding. I am 19. I currently work full time in bioinformatics research.",8,1,1
P126,32,31,48,53,7,12,8,1,3,6,10,5,10,3,6,1,0,2,8,22,Under average,"This is a person who is very low-key and frugal. They do not like to waste money, often constraining themself to a strick budget.",Other,No,White,4,1,nick,25,"Hello, my name is [redacted] but my friends just call me Nick :) I just turned 21 and I use they/them pronouns. In my spare time I enjoy playing video games with my friends. One of my favorite video game series is Resident Evil. In my free time I also enjoy drawing, I've done so since I was a little kid. My favorite movie is Trainspotting and my favorite song is Mieux que Tout by Paradis.",9,1,2
P246,56,28,40,33,3,14,12,0,4,6,7,3,9,3,3.91,2,1,0,8,18,Under average,"So there's this guy I know, he likes to read and is very passionate about learning new things. He loves talking about what he's read and learnt, to the point of derailing the conversation in fact!",Male,No,Other,4,1,TheDoctorFat,27,"Hi, I'm Doc. I like to play video games, draw sometimes, and I'm also gay. I love reading about history and all sorts of things that have happened in the past. My favorite colour is blue and I like chili.",6,-1,3
P089,28,4,32,56,7,8,10,1,9,10,10,9,5,1,6,0,0,1,25,5,Above average,He talks to his parents regularly and makes sure to have dinner with them frequently. Atleast once a week to keep in contact with them.,Female,No,Black or African American,8,2,Leon,21,"Hi, my name is Leon! Im a junior in college majoring in General Management. I play guitar and bass, jamming out with others. In my free time i enjoy gaming and exploring my city looking for new foods to try. I also enjoy going to concerts! My favorite band is Avenged Sevenfold and im going to one of their concerts this year! Hope to have fun today and meet new people! Everyone have a very good day!",13,1,1
P271,44,20,30,39,5,12,9,5,6,8,7,5,7,8,5.15,5,1,2,15,11,Under average,he enjoys hanging out with friends and family. he is consistant and keeps up with everyone,Male,No,White,4,1,david,27,i am a sophmore in college and im studing to go into it. my dream is to make enough money to pay for my car addiction and to build my dream drift car.,6,-1,2
P247,48,29,37,43,3,14,0,6,6,8,5,7,4,3,6.29,2,0,1,14,13,Under average,This person is kind and outgoing and likes the outdoors. You would enjoy spending time with him. ,Female,No,Biracial,NA,1,SC,2,"Hello, I am a recent college graduate living in Oregon. I am going to return to school in the fall for my master's degree in order to become a speech therapist. During college I also captained a D1 club sport and lead research.",8,1,3
P142,64,20,24,34,2,6,2,0,3,4,6,10,3,0,6,NA,NA,NA,18,12,Above average,This person likes to read a lot of literature. And they do not mind telling you about what an interesting fact they recently learned or read. I don't think you really like this person.  ,Male,No,Black or African American,NA,2,KDF,13,"Hey! I enjoy watching movies, playing sports, and detailing my car. I enjoy keeping my hands busy and working out, specifically riding my bike and running. ",3,-1,-1
P361,52,20,23,44,2,12,8,1,8,4,7,6,4,1,3.75,1,0,0,15,15,Under average,He is someone who cuts costs wherever he can that is around my age.,Male,Yes,Biracial,NA,1,mike,13,I'm just a stereotypical gamer nerd who enjoys time with my friends on online games and discord. I'm 21 years old and play/watch just about anything and I also like to go outside and play pokemon go,6,1,-1
P259,28,4,30,40,5,4,16,2,4,4,8,5,8,3,5.8,2,0,1,18,12,Under average,"This guy is a perfectionist, so much that he never gets anything done on time! ",Female,No,White,4,1,cellsnek,7,"Hi, I'm cellsnek, and I graduate college this winter. I'm also getting married next year, so I've been busy with wedding planning and I'm very excited! I love my cat, playing video games, listening to metal, and learning languages. ",3,-1,-2
P316,80,38,34,40,5,8,7,0,4,6,10,9,8,2,4.33,1,1,0,18,13,Under average,"The guy is always spending time with his parents, like he thinks he's better than people who don't. I don't like him. He's always making sure he's engaged with them and eats out with them a lot.",Male,No,White,4,1,Aaron,24,"Hi! I'm Aaron, 21 years old, and I love to program and paint. I also love to exercise and live an active lifestyle. Hope to make friends here!",6,-1,-5
P162,36,35,30,38,4,20,10,6,4,4,9,10,8,0,5.25,NA,NA,NA,15,16,Under average,This person is quite detail-orientated and gets so caught up in their work that they forget to label it as 'finished'.,Female,Yes,White,6,1,JS,3,"Hey everyone! My name is JS. I am 21, living in Chicago, IL, USA. Some of my hobbies include listening to a variety of musical genres such as K-pop, reggaeton, or alternative. I also have picked up baking recently and love to make new pastries! For sports, I have done taekwondo for about 4 years now and love every minute I am able to spend learning the martial art!",6,1,2
P058,60,10,31,44,6,7,6,3,5,8,10,6,9,5,5.33,3,0,2,12,19,Under average,You know that guy who's super close to his parents? He goes to dinner with them and calls them super often. I've heard that he even brushes off his friends in order to spend time with his parents.,Female,No,White,3,1,Destiny,22,"Hi! My name is Destiny. I'm a senior live sound production student who loves all things audio and music, especially my favorite band, TWRP. I also love bugs and other creatures of all kinds, bright colors (especially pink!), tattoos, and video games.",13,-1,1
P318,8,57,33,32,3,25,21,0,2,5,10,3,9,1,4,0,1,0,6,25,Under average,He likes history and literature. He talks about it a lot even when the topic of discussion isn't even about it.,Male,No,Black or African American,3,1,KF,11,I'm not used to writing about myself but I like art and anything creative. I usually spend my time listening to music. I'm not really a social person but I can be funny I guess when I feel comfortable.,7,-1,2
P069,68,33,29,32,3,7,4,0,3,5,8,8,7,1,5.2,1,0,0,12,16,Under average,"He is a very shy person. But, likes to have dinners with his family and is very shut in. ",Male,No,White,NA,1,MatthewM,23,"Hello There, I'm Matthew! I'm someone who usually likes to sit back and observe the world from my own seat. But, I also like to do things on my computer like coding, playing video games, and sometimes reading books. On the other hand, I can get nervous easily and anxious so please be patient if I seem like i don't quite get things right based on first interactions. Anyways, have a nice day.",4,-1,-2
P255,92,6,36,40,5,0,2,3,9,8,9,8,4,7,6,0,0,7,19,18,Above average,"He's really into reading about history and likes to incorporate his knowledge into conversation, even when it really isn't relevant.",Female,No,White,7,2,Lauren,26,Hi my name is Lauren! Recently graduated from college and I'm going to go to medical school. Really into running and fitness in general. My favorite food is pizza and my favorite desert is frozen yogurt. I really enjoy spending time with my friends whether trying new restaurants or taking long walks together. I'm not big into watching TV but I do love watching all sorts of live sporting events.,4,1,2
P296,28,31,39,41,4,16,14,7,5,8,9,7,5,5,3.4,3,2,0,17,19,About average,"I have this friend who is incredibly well-meaning, funny and friendly, but you probably won't like who it is. It would really mean a lot to me if you tried to give him a chance, even though I know you have a bit of a history going on. He really can be good when we are all hanging out, and I really do think that you two could be great friends if you both move past whatever is between you two.",Male,No,White,NA,2,CS,22,"I am CS, I am a Mathematician who enjoys reading classic novels and going out in general to do things. No matter where it is I always seem to find ways to make the trip interesting, whether that be taking a ""shortcut"" into the woods by accident or by flipping a coin to pick a direction.",7,-1,5
P138,60,44,39,31,5,19,14,0,8,7,3,3,9,3,5.43,0,1,2,14,18,Under average,He's very close to his parents. he sure does make sure he has dinner with them at least once a week and calls them very often ,Male,Yes,White,NA,1,carlos,27,"hello my name is Carlos I am 19 years old, I love riding bikes and spending time with my family. both my parents are happily married and love each other we love going out as a family I have 2 brothers and 3 sisters.",10,1,2
P183,68,7,41,36,7,1,3,0,5,6,6,9,7,6,5.36,2,1,3,20,12,About average,This person is someone who is always careful about their money and expenses. He always splits bills accurately and tends to save money when possible.,Male,No,White,8,2,Jack,27,"I'm a college student studying politics, and I enjoy boxing, lifting weights, and collecting coins. I am from the Eastern U.S. and have lived here my whole life.",10,1,1
P014,28,40,38,38,6,17,10,0,2,10,3,8,6,2,5.33,1,0,1,11,17,Under average,A person who is willing to open up to new friendships and undersand one another,Male,No,White,3,1,Mark,14,"I like all things nerdy, movies, videogames, television, and everything in between. My friends say that I am easy and fun to be around and do not get easily upset over things",6,-1,2
P123,60,21,28,41,4,6,5,3,7,9,6,7,5,3,5.67,1,0,2,20,5,About average,"This guy whom you may not like is such a stickler about money. When we go out he is very careful about making sure the bill is split properly, and he gets all of his clothes from the thrift store. His roommates were complaining about how difficult it is to keep wifi in the house because he is always chasing internet promotions to save money. Once his roommate asked for a few dollars to tip the delivery guy and he refused.",Female,No,Black or African American,4,2,bestieboo,9,hi all! great to meet you my name is bri and I love to spend my free time outdoors and exploring nature. One of my favorite things to do is walk to a park in the city and find a coffee shop close by and sip it in the park while people watching.,4,-1,-4
P013,44,28,37,47,6,17,7,1,6,10,10,5,5,9,6.55,0,0,9,12,19,Under average,"Likes to enjoy time with his parents, overall a very nice, sweet guy",Male,Yes,White,6,1,Martin,17,"Currently studying computer science, love art and animation, and enjoy listening to lots of music. I enjoy using my spare time reading comics, novels, and other media, or just lazing playing games.",6,-1,NA
P324,32,26,28,29,6,11,6,0,8,7,6,7,6,3,6.2,0,0,3,18,13,About average,He is a smart individual who is careful and diligent on his money spending decisions.,Male,Yes,Black or African American,NA,2,djay,13,"I like music; I listen to music; I play music. What's more to say? Music is love, music is life. Except for my girlfriend; she's actually my life.",13,-1,3
P155,72,17,27,36,6,0,0,0,5,8,6,7,5,3,7,0,0,3,19,16,Under average,he is someone who is really unqiue who grew up in the united stats of America. he is a guy and I think that you too might be able to hit it off ,Male,Yes,Biracial,NA,1,Sage,23,"Hi, im sage, I like photography and I also like chemistry. I like to travel a lot and take photos of nature and people. I am persuing a degree in chemistry and hope to work for a pharmacy one day at a hospital or a company. ",4,-1,3
P232,32,54,33,37,2,17,12,0,3,7,5,7,8,1,5.67,1,0,0,10,16,Under average,michael is a very active person that is friendly and likes to hang out with others ,Female,No,Asian,5,1,sam,25,"hihi my name is sam and i go by she/her pronouns! im currently in college and majoring in Information Technology, with a concentration in cybersecurity",7,-1,2
P213,68,17,38,40,6,2,2,1,6,6,6,5,7,2,5.67,1,0,1,17,15,About average,"The guy im talking about sometimes avoids his friends to go eat with his family, more specifically his parents. Its important for him.",Other,No,Biracial,5,2,Noah,7,"Hey, idk i like getting money for surveys, and uh art is cool. ive got a cat and hes pretty cute. I feel like thats really all im gonna write here so woo thats it.",6,-1,3
P144,88,15,31,39,4,10,10,7,6,7,6,7,5,2,6.43,2,0,0,23,6,About average,My friend is a nice person who is well organized so he will always keep a place nice and tidy. He is nice to everyone and likes meeting new people to expand his friend group. We always get along when we are together and with other people too so he is not a bad guy and I don't know why anyone would ever dislike him. ,Female,Yes,White,5,2,Ash,25,"Hi my nickname that everyone calls me is Ash, I like playing video games a lot and watching horror movies. I usually hang out with my siblings most of the time because we are all really close. I am a big introvert when I'm not spending time with my family or my friends. ",8,-1,5
P173,32,4,24,49,5,19,18,13,3,5,5,6,6,2,6.2,0,0,2,16,16,About average,He definitely does his own thing and lives by his opinions and shit,Male,No,White,NA,2,Greckard,7,"Im greckard, i like money. I want my money, and i dont care to share much else, i am a real person, and i spend time online sometimes. I exist in real life",0,-1,-4
P181,72,28,37,32,6,14,15,13,6,5,3,8,5,1,6.25,0,0,1,18,17,Under average,"Michael's attention to detail is impeccable and he puts a lot of effort into every project he takes on, resulting in high-quality work. However, his meticulous approach can sometimes lead to overcomplicating simple tasks, and he may be hesitant to declare a project complete, which can cause him to miss deadlines.",Female,No,Black or African American,NA,1,L,2,"I like pizza, im Hungarian, I have blonde hair, green eyes, im 4'11. Im from New York, I can speak Spanish. I can cook, im mainly vegan. I went to NYU, im 20, turning 21 soon",5,1,3
P151,76,15,36,46,6,0,0,7,6,6,7,7,3,8,4.95,1,0,7,21,7,Above average,This person is very tight with their money. The only spend it when absolutely necessary and does not often loan it to others. They shop at thrift stores for their clothing.,Male,No,Black or African American,8,2,Chase,16,"Hello, my name is Chase McGhee. I am currently a sophomore in college and I am 19 years old. In my free time I work to hangout with my friends or watch tv.",4,1,2
P304,48,13,25,31,3,1,1,0,2,7,8,8,5,3,4.5,2,1,0,20,9,About average,"Someone who is very conscious of their spending, they are always on the lookout for deals and promotions. Some may say they are too frugal.",Male,No,White,6,2,Ryan,22,I am a college student who very much enjoys reading. I spend most of my free time reading and talking with others online. I am also somewhat interested in playing video games.,3,1,2
P347,40,28,39,38,5,17,9,1,5,7,8,3,9,2,6.33,0,0,2,17,14,About average,He's a very financially savy guy. They are always trying to find a good deal for anything they purchase.,Male,No,White,NA,2,Josh,27,"Hi, my name is Joshua. I am currently in college for Psychology. I have a cat who I also like to spend a lot of time with. Additionally, I like to play video games in my spare time along with watching a decent amount of YouTube.",11,1,2
P068,36,36,37,40,4,10,11,6,5,6,9,6,7,6,4.33,3,2,1,18,10,About average,"There's this guy who really likes spending time with his parents, to the point where he misses spending time with his friends to go see them.",Other,No,White,9,2,kilno,22,"Hey all! My name's Killian and I'm glad to be working with you all. Curious whether you all came from Prolific as well or if you were recruited from other sources. Some quick facts about me: linguistics major at UCSC, active musician, fan of mathematics and puzzles, and proud half-owner of two cats. Looking forward to meeting you all!",13,-1,1
P261,64,17,27,52,6,2,2,0,3,9,8,4,7,5,6.5,1,0,4,22,8,About average,"Avoids spending money, tries to get around living cheaply, such as thrifting, using internet promotions, and does not loan money to friends.",Male,No,White,7,2,ben,27,"Hi my name is Ben, i like to play video games, spend time outdoors fishing, 3d print and make props, and draw. I love eating pizza and chicken and for most meals it involves chicken. I love movies and anime, and consider myself a huge film nerd. My favorite decade for movies is the 90s. I love hanging out with friends and spending time with close ones.",9,-1,2
P133,76,33,32,41,5,17,12,18,6,8,6,7,4,4,5.62,3,0,1,21,9,About average,"Hi Sam, have you met that wonderful college kid that has several interests? I loved the way he describes his passions and hobbies, it is truly livegiving and so powerful. He is so talented!",Other,No,Asian,NA,2,Aranyo,17,"Hi! I am Aranyo and I am excited to do this task with you. I am Indian American and love cats, the rain, and reading books. I am also ambidextrous and graduated just one year back from college. I work now as a consultant.",8,1,5
P051,76,20,33,45,4,4,1,9,8,7,6,9,4,4,5.75,1,0,3,18,12,About average,A go-getter who works to achieve his goals in a major way. He stays committed to himself.,Male,No,White,NA,2,Myles,23,I am a youthful college student actively looking to secure a successful future. I am pursuing my Bussiness degree and hopefully will land an internship in my junior year.,8,1,3
P131,60,19,22,37,6,5,9,0,3,3,10,7,9,2,4.67,2,0,0,16,18,Under average,The man I am talking about seems to be a driven and determined person. He also is very intelligent.,Male,No,Black or African American,NA,1,DC,16,"Hello my name is DC. I have an interest in games and books. I enjoy working out in the morning. In my free time I like to study new languages. The languages I am learning are Korean, Japanese, and Spanish at the moment. I am excited to meet new people.",12,1,3
P086,52,21,39,50,7,8,7,9,8,3,6,9,6,1,7,0,0,1,25,8,About average,"He likes saving his money, but will sacrifice his budget for friends in a dire situation, meaning he probably is a reliable friend one could whole-heartily depend on.",Male,Yes,Biracial,3,2,Jack,23,"He is the dark lord, the amalgamation of death and despair; none can escape his judgement and doom. All you can do is run and pray he doesn't find you. Also, he talks in third person for some reason and is very self aware of this fact. o_o darkness",7,1,4
P071,64,10,28,27,3,1,1,0,9,8,4,3,3,7,4.9,4,1,2,21,11,About average,He enjoys history and lives int he united states of america as it can be found full of historical buildings,Male,Yes,Native Hawaiian or Other Pacific Islander,NA,2,Moi,15,I do a bit a crude drawings but im better at video editing and photoshop. My favorite snacks are banana chips and some gatorade. I've made some videos and drawings before and posted it online. I usually like to chill inside but I'll go out every few days to keep a balance,6,-1,1
P091,48,37,42,48,6,14,8,1,10,8,7,8,9,2,5.18,1,0,1,8,17,Under average,"This person is a hard worker, they really put their mind to things and will complete their task no matter how hard or challenging the work is. ",Female,No,Black or African American,NA,1,Ammie,6,"Hello! I'm Ammie, A senior in college. I like Fish keeping, indoor gardening, Crane games, Sandbox PC Games, Alterntanitve, and international music, and love binge watching youtube videos. Im still new to the real world but enjoy everything I can!",6,-1,2
P124,52,7,28,31,5,0,0,0,3,9,9,4,3,3,5.83,0,1,2,22,8,Above average,He enjoys hanging out with his parents even at the expense of his friends. He seems more of an introvert but I think he values family above all.,Male,No,Asian,5,2,kp,17,"Hello my name is kp, I am a currently a student at university. I am a computer science major who has a passion for the medical field. I want to hopefully get a job in the medical field. However, I am not exactly sure what that job is specifically in the medical field. I like to play soccer and video games with friends. I also love boating",8,-1,3
P015,60,44,39,47,5,12,13,6,10,3,10,9,9,4,4.71,2,1,1,14,16,Under average,"He is in college, roughly our age, and he is very athletic. He has many hobbies he enjoys and loves to spend a lot of time outside. He is tall, but I don't know much about his apperance. He also likes to play videogames",Female,No,White,6,1,gracie,2,"I'm 19 years old, in college, but moving across the country to go to a different college in a city I used to live in. I have friends in my current city, but have been avoiding forming new relationships so it is easier when I move, where I have friends as well.",4,1,1
P065,56,15,28,34,7,9,7,5,7,9,7,6,7,0,7,NA,NA,NA,15,9,About average,"He Is about 21 years young, lives in the US &loves to talk to anyone about anything",Female,Yes,Other,NA,2,Ec,25,I am a cosmetologist I love people hair making people happy. I currently have a girlfriend and a job I hate but can't wait to pay off my school so I can finally be a stylus ,10,-1,2
P017,56,30,23,35,3,10,7,0,4,7,10,10,6,0,7,NA,NA,NA,11,19,Under average,"This guy is very particular in his work when he does it. However, sometimes he puts too much into projects and could overcomplicate sometimes and misses out on deadlines because of it.",Male,Yes,Biracial,NA,1,Aye,13,"Hello, I am a 19 year old male who lives in the United States. I live in a big city called ""Chicago"" and have lived here all of my life. I have a couple interests being, basketball(overall), drawing(primarily tattoos), and select anime. I also enjoy exercising/working out(basketball and lifting) and keep a routine. I am a chill person, I love positivity and love to smoke marijuana.",13,-1,2
P352,56,43,43,43,4,8,5,0,6,8,7,7,7,0,5,NA,NA,NA,19,12,About average,"He's very passionate about his work, and puts a lot of effort and time into his projects. Though this can result in him failing to meet deadlines, the quality of the work far outshines this issue.",Male,No,Asian,8,2,MX,27,"Hi, I like to play Magic the Gathering. I also read manga sometimes and play video games. I also draw art sometimes. I study computer science as my major in college.",10,1,3
