participant_number,WHO_Total,UCLA_Lone_Total,NeedtoBelong_Total,SharedReality_Total,InclOtherSelf,PHQ_Cat,GenAnxietyD_Cat,AUDIT_Total,Extraversion,Agreeableness,Openness,Conscientiousness,Neuroticism,tie_count,avg_closeness,friend_count,avg_friend_rating,Prop_friends_rated_7,Prop_friends_rated_5above,SelfEsteem_Total,NeedtoBelong_Total.1,PerceivedRating,Gender,Hispanic,Race,SocioEconStatus,username,avatar_selection,likes_given,bio
P104,40,21,27,35,5,Mild,Mild,1,8,5,7,7,7,4,5,2,5,0,1,17,10,Under average,Male,No,Asian,5,SS,13,10,"Hi, I'm a recent graduate and incoming J.D. student in the fall. I like to run and play word games. I work at a law firm. I like spending time with my friends and family."
P277,32,7,27,46,5,Mild,Moderate,5,4,7,7,10,7,5,6,4,7,0.6,0.8,11,9,Under average,Female,No,White,NA,Alyssa,3,5,"I am a college student who loves to read and crochet. I also work in an emergency room, which I think makes every shift unique and a new learning experience. "
P210,44,41,42,41,4,Severe,Severe,9,7,8,9,8,9,3,6.33,3,5,0.67,1,15,14,Under average,Female,No,Black or African American,NA,Yaz,9,7,"Hi, Im Yaz.
Im a junior in college and I like dogs. I have a dog named Krystal who is 10 years old. She's my bff/best furry friend. Im majoring in computer science. I really enjoy coding and playing video games."
P288,80,29,29,43,5,Moderate,Moderate,27,5,5,7,5,7,4,6,4,6,0,1,20,14,Under average,Male,No,White,NA,Jacob,12,6,"I take a big interest in Tech and Games, and love doing diamond paintings in my freetime.  I am a full time student and plan to have a lengthy career in the Tech industry "
P258,72,10,28,46,6,Min,Min,5,3,8,7,5,6,3,6,2,6,0.33,1,15,14,Under average,Male,No,Asian,NA,OZ,23,13,"Hello! Hope you are doing well today, I'm pretty excited to meet you all. A little bit about myself: I was born in a rural town, I'm introverted, and I love to read for fun.Since I love cats, I own two as pets, raised them as kittens.  "
P362,80,21,36,48,4,Moderately severe,Severe,1,5,7,5,9,5,10,3.6,2,6,0.1,0.4,11,17,Under average,Male,No,Black or African American,4,NL,16,8,"I've spent the past few years studying everything from graphic design and illustration to product design and user experience, and I feel like I've really honed my skills and developed my own unique creative style.'s been amazing to work alongside other students who share my passion, and to learn from some truly incredible professors who have pushed me to be my best."
P141,80,8,31,40,4,Min,Min,4,6,7,8,9,5,5,6.2,3,6,0.4,1,19,12,Under average,Male,No,White,7,Swoo,27,2,"Hey im swoo, im just relaxing and having fun taking these studies right now! I am just getting started in my professional career and just recently got out of college for a computer science degree."
P024,16,56,45,39,3,Severe,Severe,12,6,6,10,3,9,2,4,1,4,0,0,9,17,Under average,Female,No,Black or African American,6,mandm,5,13,"Hi, I'm M! I'm not doing the best mentally right now, but I'm trying my best. I don't really know what to say. I'm trying my best to stay positive and hope for better days, but it's tough. It's really really tough. I wish I could figure something out, but nothing feels like it's enough. I think I might be able to pull through, but at the same time, I'm tired."
P130,40,24,31,28,5,Moderate,Min,10,4,8,5,3,7,4,5.75,1,6,0.5,0.75,15,15,Under average,Male,No,White,7,Ryan,16,3,"Hi Im excited to play. I ,love games. I'm really pumped to play with everyone. I will do my best to play hard and fair. I love to have fun and love animals."
P165,100,4,28,24,7,Moderately severe,Mild,0,5,9,6,6,2,20,7,15,7,1,1,25,5,Under average,Male,No,White,6,connor,22,7,am most active and more confident. and helping others. do my work sincerely. and active my work and enjoying that. i love my family members and my girlfriend more. and am loving gaming. my hobbies is play gaming and doing part time jobs and some intersting book readings and sports watching
P191,36,20,33,39,3,Mild,Mild,1,3,6,6,5,6,7,4.71,3,5,0,0.57,16,14,Under average,Female,No,Asian,NA,Vi,7,5,"Hi, I'm a 22 years old woman and in my last year of college. I am interested in arts and media and enjoy drawing and making things with my hand."
P076,68,5,31,36,6,Min,Min,8,5,9,10,5,3,12,6.92,11,7,0.92,1,13,15,Under average,Male,No,Biracial,NA,Astrelle,20,9,"Hey, I'm Astrelle. I'm a Computer Science student in Alabama about to study abroad in Japan. I'm pretty interested in seeing how this all works so lets have fun!"
P313,100,0,38,50,7,None,Min,0,9,10,8,9,3,10,5.4,4,6,0.1,0.9,22,5,Under average,Female,No,Asian,6,Tasnim,7,4,"Hi, I am Tasnim, a social and outgoing women who loves connecting with people. As an extrovert , I thrive in social environment and enjoy engaging in meaningful conversations. Meeting new individuals bring me joy, as I belive in the power of human connection . I'm always open to creating memorable experiences with other , So let's connect share stories and build lasting friendships !"
P351,68,3,30,43,5,Min,Min,0,6,7,7,9,4,13,5.69,9,7,0.23,0.85,15,9,Under average,Male,No,White,8,AS,27,8,"I am AS and currently a college student purusing a biomedical science degree. I love my two dogs Maverick and Goose, hanging out with friends, and playing the piano. I am also a big hockey fan with my favorite team being the Tampa Bay Lightning. Thanks for reading!"
P234,32,36,39,41,7,Moderate,Mild,7,6,9,5,8,3,6,5.67,4,7,0.33,0.83,12,17,Under average,Male,No,White,4,Sam,27,9,I am a college student studying for a dual level degree in Business Admin 
P064,4,47,40,42,3,Severe,Severe,31,4,3,7,6,10,3,4.33,2,3,0,0.33,13,14,Under average,Male,Yes,Biracial,3,FD,12,4,I'm from New York and I like to laugh and enjoy life. I have a lot of vices but I like to keep my problems to myself and stay away from stressful people. Spend a lot of free time online but I like going outside for walks or hikes during the day.
P080,48,5,27,32,3,Moderate,Moderate,0,4,3,5,6,8,4,4.25,3,5,0.25,0.5,12,8,Under average,I would rather not say,Yes,Other,NA,gufo,0,0,"Hi I'm gufo, I play tcgs and do online surveys in my free time. I like rhythm games and hang out in chat rooms to not feel alone all the time."
P036,40,20,43,51,3,Moderate,Mild,4,6,5,5,6,7,19,5.89,16,7,0.47,0.84,16,13,Under average,Female,No,Biracial,7,Len,25,7,"hello hello, i'm len. i just finished with college, so now i have a degree in psych, i love disco music, sharks, dancing and tea in any form. i currently work in early childhood education, and my favorite pokemon is mismagius. "
P219,80,15,18,49,4,Min,Moderate,3,5,10,7,5,5,3,4.33,2,3,0,0.67,19,7,Under average,Female,No,Black or African American,3,AG,21,9,"I'm 20 years old and a college student. I major in psychology. My goal is to become a clinical or criminal psychologist.My favorite things to do are read , write, and watch shows and movies."
P256,16,39,39,54,7,None,Severe,0,3,8,10,7,10,2,7,0,NA,1,1,11,15,Under average,Female,No,White,4,Amanda,25,4,"I like to learn languages. I also like to create 3D models. I enjoy learning new things and new cultures. I like to write and read. I work as a freelancer. I also like to play video games such as Dead by Daylight, Red Dead Redemption 2, Stardew Valley, and Naraka Bladepoint. I like to learn coding/programming languages as well. I love Asian food and culture. I would like to travel."
P035,36,29,31,46,4,Moderate,Moderate,1,6,8,5,7,6,20,3.5,13,5,0.05,0.25,16,10,Under average,Male,No,White,2,HA,14,6,"Hello I'm twenty two, I work at a restaurant full time for work. I have a pet cat and live in a small apartment near the beach! I like to paint, work out at the gym, and spend my time with friends when I'm able and have the free time. "
P327,40,21,29,42,5,Mild,Mild,0,3,9,3,6,6,6,4.67,2,5,0.17,0.5,12,5,Under average,Male,No,White,8,p,27,4,"I am currently a student in college, currently majoring in computer science. I love to play video games and mess around with computer parts. "
P087,56,9,30,43,5,Mild,Min,0,7,7,7,7,8,6,5.83,3,4,0.5,0.83,10,12,Under average,Female,No,White,6,Bee,10,6,"I'm Bee, my current obsession is collecting pokemon cards with my girlfriend. Other things I'm passionate about is computer programming and playing video games"
P067,92,39,36,48,7,Severe,Severe,23,4,7,7,7,10,3,6.67,3,6,0.67,1,22,19,Under average,Female,No,Black or African American,6,Bria,6,8,"Hello, I'm Bria and I suffer from depression and anxiety. My favorite pastimes are drawing and crocheting. I find that when I'm feeling overwhelmed, drawing and crocheting helps me to relax and take my mind off of things. It's also a great way to express my emotions without having to talk about them. Art has become a creative outlet for me to process my feelings."
P223,56,21,39,41,4,Min,Moderate,11,6,5,8,7,8,11,4.36,6,5,0.09,0.36,12,16,Under average,Female,No,White,NA,em,26,7,"Hi! I love traveling and experiencing the world! In my free time when I am not traveling, I love reading, propagating plants, drinking coffee, and seeing my friends. In the summer I love going to the beach, but I also love fall and the coziness of winter."
P048,76,19,31,44,6,Min,Min,7,6,8,7,9,4,20,5.05,16,6,0.15,0.7,8,14,Under average,Female,No,White,9,Cali,3,5,"Hi, I'm Cali! I'm a UCLA student and I love reading, writing, crocheting, and going to the beach :) I study psychology and want to be a child psychologist when I graduate next year!"
P354,48,9,13,47,4,Min,Min,4,3,10,7,7,8,5,5.8,2,7,0.6,0.6,21,11,Under average,Female,No,Black or African American,6,kk,5,6,"Hello, I am a college student from Texas. During the summer, I am spending my time finding new hobbies. Currently, I am enjoying trying new foods, reading new books, and spending time with family and friends occasionally."
P111,40,53,41,34,2,Moderate,Mild,1,6,4,9,9,9,6,4,1,3,0,0.33,12,13,Under average,Female,No,White,NA,queenb,25,6,I love to write and read. I am a recent college grad. I love cats and baking. I am obsessed with taylor swift. I recently saw boygenius in concert. I love colorado but I don't live there.
P023,72,6,23,44,4,Mild,Mild,0,4,6,7,8,5,6,5.67,1,5,0.17,0.83,16,15,Under average,Female,Yes,White,6,JJ,25,5,"I am a college student currently studying finance, I am working from home and trying to build a business. I am 20 years year with a family of 4. I like the color purple, I love coffee and water"
P368,48,21,46,28,4,Moderate,Moderate,3,5,7,3,7,9,7,5,6,7,0.43,0.57,13,15,Under average,Female,No,White,NA,Mel,3,2,"hello everyone, my name is Mel and I am 21 years old! without giving away too much personal information, I am from the east coast and love playing video games. I hope everyone is having a great day!"
P137,48,9,35,44,3,Mild,Moderate,8,10,8,6,7,7,7,6,5,7,0.43,0.86,16,13,Under average,Female,Yes,White,3,Rose,25,3,Hi all! My name is Rosie and I'm a nursing student. Just on prolific to make some extra money and because some of these studies are pretty cool!
P336,100,22,32,30,6,Min,Mild,0,5,7,4,5,4,5,7,3,7,1,1,13,11,Under average,Male,No,Asian,NA,m,15,8,I am currently a student at a university working towards my bachelors I like to watch anime and football. I love eating sushi and going out with friends.
P039,72,41,31,33,5,Moderately severe,Moderate,15,7,7,6,6,5,4,4.5,3,3,0,0.5,21,20,Under average,Other,No,Biracial,NA,J,4,3,"I really enjoy drinking coffee and hanging with my cats. I am a college student with a double major currently in my final semester. I live with my partner in a townhome and we share household duties. I also really enjoy reading, watching movies, and playing videogames."
P298,16,28,16,36,3,Severe,Severe,0,3,5,7,4,8,5,6.6,2,7,0.8,1,11,12,Under average,Female,Yes,Other,NA,Sardonyx,25,4,"Hey everyone! I'm Sardonyx and I'm 22. I like to read in my free time and try to do a few side hustles to earn money. I love cartoons, cheesecake, and my golden retriever."
P031,72,0,37,49,6,Mild,Min,2,5,9,5,9,5,6,6,3,5,0.33,1,11,16,Under average,Female,No,Black or African American,7,Hope,5,10,"My name is Hope and I am 20 years old. I am currently about to be a junior in college. I am a biology major with aspirations to be a genetic counselor and part time doula. I enjoy dancing, reading books, writing, listening to music, and watching my favorite TV shows."
P241,56,14,33,53,7,Mild,Mild,0,4,7,9,5,9,5,5.8,2,7,0.4,0.8,15,13,Under average,Female,No,White,5,Bee,25,5,My nickname is Bee and I enjoy nature and music. I have two pet dogs and like taking them to the beach. I value time with my family and friends.
P073,48,35,36,46,4,Moderate,Moderate,9,2,7,5,7,9,9,6.22,6,7,0.56,1,10,18,Under average,Female,No,White,4,KJ,2,10,"I am a recent college graduate. I just moved to a new city to find work, however I am still searching. I spend a lot of my free time watching tv shows and movies with my cat. I find just about any way to make an extra dollar or two since I am still seeking employment. I also like to spend time with my friends and family. My mom means the world to me and she is my best friend. I wouldn't trade her"
P257,32,42,37,42,5,Moderate,Moderate,3,4,6,7,7,8,3,5.33,3,6,0,1,11,12,Under average,Female,No,White,NA,megs,3,7,"I am megs, I go to college to study fashion and I love cats but I have three hamsters and their names are sugar, spice, and chill. I love to read romance books and my favorite TV show is the office. "
P226,24,12,35,45,3,Moderately severe,Moderate,6,5,5,9,6,9,19,5.11,0,NA,0.16,0.63,12,11,Under average,I would rather not say,No,White,NA,tilly,19,7,"hello!! my name is tilly and I am a college student. I don't really have a lot I would like to share at this moment. I don't have a lot to say here, but I am excited to try out this game with you all :)"
P363,48,7,36,54,7,Min,Min,5,3,8,10,6,5,7,5.57,2,7,0.14,0.86,8,13,Under average,Female,No,White,4,JJ,25,4,"I am friendly and easy going. I like people to feel comfortable with me, though I am a little shy. I come off pretty tame at first, but once I get comfortable I like to be silly."
P122,28,19,36,37,4,Moderate,Mild,0,5,6,5,7,7,7,5.43,4,6,0.29,0.71,12,11,Under average,Female,No,Black or African American,NA,Trisha,5,7,"Hi, my name is Trisha. I recently graduated with a Bachelor's degree and plan to continue my education to get a master's. Fun fact about me I am an identical twin. "
P172,60,25,31,48,5,Moderately severe,Moderate,9,9,7,8,7,3,10,5.6,4,7,0.4,0.8,10,15,Under average,Male,No,White,7,MEA,27,6,"Hi there. I am a student at LSU. I like to write music, snowboard, and go to the gym. I want to work in the sales field. I have a two-year-old son."
P300,64,28,28,46,4,Min,Moderate,3,4,5,8,7,8,4,6.25,1,5,0.5,1,9,17,Under average,Female,No,White,3,ivy,7,13,"my name is isabella and i have 4 dogs and they are my life I spend my days taking care of them and making delicious food for my family. I enjoy listening to music, watching TV/movies, shopping, and traveling/exploring new places. I also like to hike and take my dogs on trail walks"
P092,36,48,28,30,3,Moderate,Min,0,5,6,7,7,3,6,5.5,4,6,0,0.83,12,15,Under average,Male,No,Black or African American,7,LVV,2,3,"Hello everyone I'm LVV. I'm looking forward to whichever activity in which we're about to partake. I like art, reading, writing, and playing D"
P093,68,8,30,50,5,Min,Min,0,10,8,6,6,6,6,6.67,3,7,0.83,1,15,11,Under average,Female,No,Asian,6,NK,9,7,"Hi! I'm NK, I love to draw and paint.I consider myself a self taught artists but I mainly focus on ombre skies and views. I also love science and working in a hospital. I am trying to become a physician assistant so I can help those who can't afford the medical help they need! Other hobbies I like are cooking, binge watching Netflix and gardening. My favorite plant is a vine like plant that grows."
P340,60,47,48,45,5,Mild,Moderate,8,6,8,4,9,10,17,4.88,6,7,0.29,0.59,14,15,Under average,Female,No,White,5,Coco,25,9,"I am a hard-working, kind 21-year-old girl who lives in the South. I am pursuing my undergraduate degree in Psychology. I value my friends above everything else."
P043,36,7,31,55,5,Moderate,Min,5,2,3,9,8,6,6,6.5,3,7,0.83,0.83,18,8,Under average,Female,Yes,White,6,Lauria,25,3,"Hello, I am Lauria and I am in college studying art. I work as a server. I want to be a creative director in the future. I enjoy music, photography, reading, and going out in nature."
P242,68,12,34,36,4,Min,Min,0,4,8,7,8,8,7,7,0,NA,1,1,14,15,Under average,Female,Yes,Other,NA,nelle,3,13,"im shy and introverted, my nickname is nelle. i usually dont like to talk to new people,i like to watch tv in my freetime with my daughter. i dont know what else to write about myself.
"
P339,52,15,44,41,5,Moderate,Mild,7,5,8,8,8,6,8,4.62,7,5,0.12,0.5,11,17,Under average,Female,No,White,8,Ash,2,5,"Hi! I'm a college senior studying environmental science. I like going to concerts. playing video games, hiking, yoga, and doing arts and crafts! "
P353,40,4,23,39,4,Min,Min,3,4,3,6,7,6,16,3.94,7,4,0.06,0.44,14,8,Under average,Other,No,White,8,LKS,26,13,"Hi, I'm a university student in the US. I study Russian and International Relations, and I want to become a lawyer. I like reading, knitting, and sewing in my spare time."
P372,96,30,36,40,4,Moderate,Mild,4,2,6,5,4,5,5,3.8,5,5,0.2,0.4,15,11,Under average,Female,Yes,White,4,M,0,7,Hello everyone! My name is M. I like to dance and read books. I am also studying psychology in college. My other hobbies include playing games. My favorite games are Red Dead Redemption 2 and Spiderman.
P083,48,28,31,52,5,Severe,Severe,0,7,8,9,8,6,6,6.17,3,7,0.5,1,5,25,Under average,Female,No,White,7,sav,7,13,I am a bit shy but otherwise super open to getting to know people. I am a smol person and I feel like writing something about myself is kinda hard because I don't think I really know myself.
P140,76,20,36,48,5,Min,Mild,1,5,6,4,6,6,16,5.38,5,6,0.19,0.81,15,14,Under average,Female,Yes,White,5,tm,3,4,"Hey, I love horses and reading! I also have a dog and a cat. I like to hike and walk and be outdoors. I have a degree in psychology. I live in Texas."
P098,40,57,46,56,7,Moderately severe,Severe,0,4,9,10,6,2,9,7,8,7,1,1,17,5,Under average,Male,No,White,NA,Jax,7,6,"Hello I am Jax and I like video games, manga, anime, books, and tv shows. My favorite games are Minecraft and Pokemon. And my favorite anime is probably Barakamon. "
P021,88,26,25,28,4,Moderate,Mild,11,3,7,7,7,5,5,4.2,4,5,0.2,0.4,18,15,Under average,Male,No,Black or African American,NA,kg,16,6,My name is Kevin and im from Kenya. I drive an audi coupe and my main goal is freedom. I am 21 years old. I attend no college because freedom does not exist within those reigns.
P209,36,37,33,55,7,Severe,Severe,0,4,6,8,3,6,4,5,1,7,0.5,0.75,10,15,Under average,Female,No,Black or African American,NA,K,6,5,"I'm a college student and I'm from Texas. I like reading, writing, working out, hiking, and hanging out with my friends. My favorite food is any kind of pasta and my favorite dessert is cheesecake. I'd really like to travel the world one day and visit many different countries. My biggest goal in life is to become a polyglot."
P338,48,20,41,43,6,Mild,Min,0,8,4,9,5,3,4,7,3,7,1,1,15,8,Under average,Female,No,Black or African American,3,Guava,6,8,"Hi, I'm Guava. I'm a 19-year-old from the United States. I love drawing, crocheting, and listening to music. I am African-American and very proud of my heritage. Some of my goals and aspirations in life include traveling the world and helping others in any way I can."
P374,76,6,36,42,3,Min,Min,4,5,8,5,5,7,4,5.5,3,4,0.25,0.75,17,9,Under average,Female,No,White,7,helena,26,6,"hello! I am helena a 21 year old female from florida. I enjoy hanging out with friends, family, and watching sports. I am a big hockey fan. I also love spending time with my dog. I am currently a student and also work part time at a salon. I attend art school and aspire to be a fashion designer or marketer. I love to try new foods, especially desserts. My favorite dessert is candy."
P254,48,13,27,38,6,Mild,Mild,0,4,7,9,9,6,5,5.2,4,5,0.2,0.8,9,17,Under average,Female,No,White,4,mads,3,2,"im mads. i like to play games. i enjoy being in nature. i like taking photos of the nature and animals. i like to showcase how i feel with photos i take. i love animals a lot, they really seem to have a deep meaning with me."
P030,56,29,42,44,5,Mild,Mild,2,4,6,10,6,10,4,5.75,0,NA,0.5,0.75,11,16,Under average,Other,No,Asian,NA,Bea,8,6,"Hi, I'm Bea! I'm 19 and an artist/illustrator/animator currently studying in college. In my free time I like studying languages and playing video games<3 Favorite things to do are going to concerts and exploring new places"
P178,72,7,29,45,2,Moderate,Mild,5,6,8,8,6,5,3,5.67,2,5,0.33,1,12,16,Under average,Male,No,Asian,6,caday,17,6,"Hi, my name is Caday. I'm 22 years old. I'm currently working at a dessert cafe and some of my interests include dancing, gaming, and listening to music."
P175,24,55,34,23,1,Moderately severe,Mild,1,2,2,10,2,7,5,3.2,0,NA,0,0.2,12,16,Under average,Male,No,White,4,630a2fd6e76ccbe74374656d,27,12,"Hello, my nickname is Solbashio. I like creating videos since it is my way of expressing myself and playing the piano is another passion of mine. "
P118,52,25,17,54,7,Moderate,Moderate,1,2,4,9,4,6,4,5.5,1,6,0.25,0.75,5,12,Under average,Female,No,Asian,6,angela,18,3,"Hello I'm Angela. My interests include fashion, makeup, animals/bugs, and video games. I'm a rising senior at UC Berkeley. I'm excited to play this game and see what this is all about. "
P251,40,22,31,38,2,Mild,Min,2,3,8,10,6,9,5,3.8,4,6,0,0.2,16,11,Under average,Female,No,Biracial,NA,AG,23,11,"I am a college student studying math. I love animals (especially cats and wild birds), listening to music, and watching TV/movies. Currently, I'm taking a chemistry class and enjoying that a lot."
P326,40,29,38,30,5,Mild,Moderate,7,6,7,5,6,9,5,6.6,2,6,0.6,1,10,15,Under average,Male,No,White,5,NG,10,9,I am always happy to work with other people and do group activities in a way that will benefit everyone in the group. I hope I can be of assistance in these activities and will work hard to do so.
P357,44,44,36,42,6,Severe,Moderate,18,5,7,6,7,6,7,5.57,5,6,0.29,0.71,12,15,Under average,Male,Yes,White,NA,MCG,11,5,"Hi, I enjoy playing survival videos games online with my friends and playing the guitar because it helps me express my emotions. I also enjoy training in multiple martial arts because there is nothing else like it."
P082,52,7,29,38,6,Mild,Mild,3,8,8,9,7,8,7,6.43,3,5,0.71,1,13,7,Under average,Female,No,White,NA,bri,3,8,"I'm 20 years old, I'm into sports and working out, I have one sibling and a dog named Dexter. I'd say I'm a social butterfly, I get a long with pretty much everyone I meet. I'm a big fan of music. My favorite artist would have to be Post Malone, in which I have seen him in concert twice."
P096,20,39,39,34,3,Moderately severe,Severe,15,2,4,10,5,10,7,5.86,6,7,0.43,0.86,8,15,Under average,Male,No,White,NA,Hunter,15,4,"I'm pretty reserved but I generally like to try new things and meet new people! I'd say I get along well with most people though, I'm not really too picky about anything. Pretty much just always going with the flow of things and I don't really think too much or to in depth about anything in particular. I'm kind of just ""here"" if that makes any sense. I do have some interests though."
P102,76,8,36,49,7,Min,Min,0,6,8,7,6,6,6,6.83,4,7,0.83,1,15,15,Under average,Male,Yes,White,4,WJ,17,6,"I like to play video games and have a lot of love for animals, cats specifically. I really enjoy listening to music and hanging out with some friends to either game or just hang out. I like to always play with people I know, because it just makes the activities more fun."
P262,60,3,29,31,2,Min,Min,0,3,4,6,7,8,12,4.92,2,4,0.33,0.58,10,10,Under average,Female,No,Asian,7,T,7,7,"Hello! I'm a college student with a part time job. In my free time, I like reading, shopping, riding roller coasters, and traveling. I have one pet and two siblings. I live in the United States (East coast). My favorite color is pink, but I don't really have a color that I dislike. "
P168,80,10,33,45,4,Min,Min,2,6,4,7,8,3,10,5.9,8,6,0.3,1,15,10,Under average,Female,No,Black or African American,NA,flowerpot,6,5,"hello, i hope to be friends with everyone here. I'm laid back, chill and well-rounded person. i like to read, crochet and cook. I also to play just dance in my free time. Hope we can talk soon!"
P322,60,7,42,48,4,Moderate,Severe,8,6,7,9,10,9,15,5.4,6,7,0.2,0.8,11,14,Under average,Female,No,White,4,mimi,25,13,"Hi everyone, my name is Mimi. I'm 22 and a graduate student. I like being outdoors, hiking, and teaching spin classes. My favorite food is sushi and I love diet coke lol. Hope you're all having a great day!"
P207,44,23,24,16,1,Moderate,Mild,0,7,6,7,6,8,7,3,0,NA,0,0.29,15,15,Under average,Male,Yes,White,NA,CC,27,5,"Hello everyone, my name is CC I'm currently a college student who is trying to not starve by making pennies in these studies, hope your day is going well"
P305,80,10,15,41,6,None,Min,0,6,7,6,6,6,4,6.5,1,7,0.75,1,15,8,Under average,Male,No,Biracial,NA,Zak,16,3,"My name is Zakaria, but a lot of people call me Zak. I'm not the best at computer games, to be honest. Usually I can get the hang of things after a while though. "
P268,56,9,23,29,2,Min,Min,1,4,8,7,8,3,5,6.4,2,5,0.6,1,15,8,Under average,Male,No,White,NA,MS,22,4,"Hello, my name is MS, I like sports and videogames. I do not believe in horoscopes. I have a BA in engineering and currently working full-time."
P294,40,43,47,54,4,Severe,Severe,8,6,6,8,6,8,11,5.18,8,5,0.09,0.82,23,17,Under average,Female,No,Asian,6,EY,7,13,"Hi! You can call me EY. I'm a college student. My favorite subject in school is biology, although I find that I'm usually better at history. In my free time, I like to crochet, bake, draw, read, listen to music, and shop. "
P273,20,52,41,8,1,Moderately severe,Severe,11,4,8,5,3,6,0,9,0,NA,NA,Inf,11,25,Under average,Male,No,Black or African American,5,Lucky,16,4,Im a social hermit who has no friends. I have no deep connections with anyone. I spend most of my days smoking and laying in my filthy bedroom. I hate myself for how much I've let myself go. I don't know how to fix whatever problem I got.
P283,16,35,46,36,2,Severe,Moderate,2,2,4,6,8,10,3,6.33,0,NA,0.33,1,9,14,Under average,Female,No,White,NA,Kenzie,7,9,"My name is Kenzie. I'm 21, she/her pronouns. I have 5 cats and I enjoy watching anime and playing video games. My favorite games are Animal Crossing New Horizons and Stardew Valley, and my favorite franchise is Kirby. My favorite color is pink."
P169,64,8,29,24,4,Min,Min,0,6,9,9,5,6,5,4.6,2,5,0,0.6,13,10,Under average,Male,No,Asian,5,rh,27,3,"I like to code and work out at the gym. Also I watch and use to play soccer. I am 20 years old, and I lived in the same place all my life, I do not travel that often but when I do I have usually only traveled to other countries instead of traveling to other places in the country I live in. My favorite place to go was so far Bahrain. I use to draw but I don't anymore because I spend more time code."
P306,72,16,32,37,5,Min,Min,0,7,5,7,8,6,11,4.64,5,5,0.18,0.45,15,10,Under average,Male,No,White,5,CG,24,13,"Hello! I am CG and I am currently about to enter my third year in college. I am currently interning in NYC right now. I enjoy traveling, going out with friends, and trying out different kinds of food! I absolutely am a foodie so a lot of my travels might consist of just trying out new restaurants. I am a really big fan of Thai and Italian food."
P167,48,1,34,46,4,Mild,Mild,5,9,6,4,9,5,8,7,5,7,1,1,15,5,Under average,Male,No,White,5,TS,14,13,"I am currently a college student on the pre med track. I work as an MA (medical assistant). I enjoy spending time with my friends, hiking, and watching movies. "
P081,48,34,43,49,6,Moderate,Severe,10,9,3,10,8,7,6,6.17,4,7,0.33,1,15,16,Under average,Male,No,White,6,Ian,27,6,"I am a college student studying history and political science--I'm moving into my senior year. I am also currently on a weightloss journey, and play piano!"
P264,28,55,47,31,2,Moderately severe,Severe,15,5,6,9,6,10,7,4.14,1,5,0.14,0.29,11,15,Under average,Female,Yes,White,NA,A,7,5,"Hi! I'm A, a recent college graduate from the Midwest. I.love movies, tv, music, photography, and Tiktok. I have two pets - a dog and a cat -  who I love very much."
P208,80,2,28,52,6,Mild,Min,0,4,8,6,8,6,4,6.25,3,7,0.75,0.75,12,16,Under average,Male,No,Asian,6,LYP,20,8,"I am interested in finance and football. A fan of Real Madrid and love cats. I prefer skiing over snowboarding, but be aware that I do not like extreme sports."
P308,52,11,39,39,4,Mild,Moderate,13,9,9,6,10,10,10,5,6,7,0.2,0.7,11,17,Under average,Male,No,White,5,Kosta,15,8,"Hello! I'm a college student who studies cognitive science and language development. In my free time, I love anything sporty and listening to music."
P119,76,38,34,30,1,Mild,Min,0,4,8,2,3,6,6,5.67,0,NA,0.5,0.83,20,18,Under average,Male,No,Biracial,7,JS,13,8,"I'm an older teenager in college. I'm a competitive bowler on the team, in which I travel around the country competing in team and individual events. "
P358,56,5,29,53,6,Min,Min,0,10,9,10,8,4,5,6,2,7,0.8,0.8,11,16,Under average,Female,No,Black or African American,3,Tc,5,8,"We are gonna call me Taylor. I like to read, write poetry, analyze movies, and be in nature. I love the water and I am even a pisces. I am rather emotional but it makes me a good friend as I am very understanding."
P113,56,22,26,36,5,Mild,Mild,5,3,7,10,5,7,6,4.83,3,5,0.17,0.67,18,9,Under average,Male,No,Native Hawaiian or Other Pacific Islander,6,Davis,27,7,"Hey I'm Davis, just a regular guy here. Age 21, I have nothing much to share as there is nothing really interesting about myself. Other than that, I'm also not as sociable and a pretty introverted guy. Unfortunately I won't really talk unless someone takes the lead. That's about it."
P108,28,33,39,42,3,Moderately severe,Moderate,0,8,6,3,6,8,3,5,1,5,0,0.67,9,9,Under average,Female,No,Black or African American,NA,Angel,21,11,"Hey, I'm angel! I'm 19 years old. I'm from Atlant Georgia. I love cooking, crocheting, and watching TikTok. I'm also good at doing hair. I love trying out new places like coffee shops in my local area."
P266,84,18,23,44,6,Min,Min,9,6,8,6,8,5,7,6,7,6,0,1,18,15,Under average,Male,No,Black or African American,7,CM,17,6,"I like to build things in my free time, I spend a lot of time coming up with new projects and ideas. If I'm not doing something creative, then I'm enjoying my time chatting with friends or playing videogames."
