participant_number,Gender,Bio,Age,Race_Ethnicity,Race_Ethnicity_Other
P094,Female,"Hello,
I am a 19 year old woman. I love to do two things in life; cooking and being active. So, to be active, I tend to work out maybe 2-3 times per week to keep myself in tip top shape. And, I do active activities like play sports or roller skate for fun. And for cooking, it is my major stress reliever. As a result, I cook a lot and now pursue it as my loving career path.",19,Black or African American,
P272,Female,"Hi my name Is Kyleigh. I am 21 years old and currently a college student at chico state. my many hobbies include working out, hiking, hanging with friends and watching movies. I love to cook, and my favorite meal to cook is seafood boils, I currently have a cat named kitty and she's very playful and sweet. I live with 4 other roommates who are kind and always on the lookout for me. my best friends",21,Black or African American,
P344,Male,"Hey Y'all I'm here to game, do a little bit of gaming if that's okay with you. Whether it's clicking heads or troops I can do it all I'm a real jack of all trades if you don't mind me saying something like that. To be honest I don't really know if I'd be friends with anyone on here but since it's about gaming it probably won't be too hard to find people just as weird as me. I hope we can game good",22,Black or African American,
P310,Male,"Hey guys, im just a guy looking to play games and have fun. I like sports and rpg games as well as survival and shooters. I am open to playing anything that is co-op or multiplayer. Feel free to message me to play, I play on PC, Xbox, as well as Playstation.",22,Black or African American,
P020,Female,Hello! My name is Sydney and I am a student athlete in college. I play lacrosse at my university and I enjoy being apart of a team and having a sisterhood. Playing a sport in college has taught me how to manage my time better and prioritize certain things in my life. ,22,Black or African American,
P360,Female,"I have a boyfriend who I'm casually dating right now. We love to go out one or two times per week to spend time with each other eating out and/or doing extracurricular activities like putt-putt golf, ice skating, hiking, and going restaurant hopping. I love to make and edit videos, and I love to travel. ",19,"Black or African American,White or Caucasian",
P195,Female,Hello there! I'm Naomi and a uni student in DS. I love swimming during the weekends by day and binging anime/kpop at night. Other than that I'm a homebody so don't expect me to go out partying with yall. But if you want someone to do hw with... i gotcha ;),18,East Asian,
P349,Male,"Hello, I like computers and I live in the south. I like pizza and fast food. I am a student in a private university right now. I also like basketball and other sports. I am very cool and neat. I like to play videogames and my favorite sport is snowboarding. I like watching college sports.",18,East Asian,
P164,Non-Binary,Welcome to my profile! I am a first-year computer science major in college. My favorite PC game is the Sims 4 (I own many expansion packs and I'm crazy about mods!) and my favorite mobile game is Candy Crush. I'm 18 and would like to find people around the same age.,18,East Asian,
P052,Male,"Hello everyone, my name is Gamerman and I am excited to be joining this online gaming community. I am a big fan of video games and love playing all kinds of games, from first-person shooters to RPGs. In my free time, you can usually find me glued to my computer screen, trying to level up or complete new quests. I am really looking forward to getting to know all of you and having some fun battl",19,East Asian,
P364,Male,"Hey everyone, I'm very excited to be playing with all of you today. Some of my hobbies include gaming, cooking, exercising, and listening to music. I'm new to this game but I'm a quick learner and a good teammate. Can't wait to meet you all in game! ",19,East Asian,
P022,Male,I enjoy playing games I a down to play anything I am quite good at games. If anyone wants to play just shoot a message to me and we can setup a time to start playing. Hope to have fun with you all! Anyways that is the end of my introduction. Pleased to meet all of you guys! Hope we can get well together. ,19,East Asian,
P177,Male,"im a college student who likes to watch movies and tv shows. I also like watching basketball and I sometimes play in the gym on campus. I like going to the gym after class. I am a cs major and very open minded. currently i am looking for an internship, but its been busy since I have to study and I have a part time job at a fast food restaurant. overall i am a nice guy who likes to talk with others",20,East Asian,
P042,Female,"I am a woman that enjoys technology and the outdoors. I typically spend my time building and tinkering with keyboards. I spend a lot of my money on my hobbies, but I try to spend the majority on my friends and family. Although I don't make a lot of money I like to spoil myself and the people around me. ",20,East Asian,
P315,Female,A third-year college student who is as confused about life as you are. I love chocolate ice cream and chipotle. Located in Southern California and I love the beaches here.  I spend most of my free time napping or reading. Fav types of books are usually nonfiction.  ,20,East Asian,
P084,Female,"Hi! I'm 22 years old and a somewhat recent college graduate. I don't play too many games but I'm excited to try this one! Some things I like to do are watch netflix, work out at the gym, and try new places to eat. I'm excited to play this game with all of you!",22,East Asian,
P011,Male,"Hello I am 22 years old and I am currently in college. I am going to school for nursing as that is my dream job. I do not have a certain speciality in mind. For fun I like to watch movies, play videogames, hang out with friends, and to listen to music. I am half Japanese and half White. My favorite food would definitely have to be pizza and my favorite type of music would have to be Lofi.",22,"East Asian,White or Caucasian",
P121,Male,"Hello there, I am currently a college student, pursuing a career in Economics. I've had an interest in investing during high school, which sparked an interest in Economics that ultimately lead to my career choice in college. I love learning new things and loved to be challenged academically.",18,Hispanic or Latinx,
P302,Female,Hi welcome to my profile hope u enjoy my name is Martha and I will post mostly music stuff and fandom stuff too. So yeah quit lurking on my page lol lol lol. But if you decide to stay go head and like some of my posts!!!! Yeah okay bye now. Bye. What are you waiting for? Something??,18,Hispanic or Latinx,
P085,Male,I would like to start my bio with something most people wouldn't guess from just seeing me as an avatar. I work in construction and I workout three times a week. But probably what most people will find shocking is that i'm a 5'2 male. I mean i'm so short i'm anomoly in any job I go to.,18,Hispanic or Latinx,
P194,Male,"Hello my name is John and I go to college. I think I am funny and pretty good looking. It you want to be friends let me know because I'll probably like you. I like to play video games too. Sometimes I like to work out and I love fitness. I love eating healthy, but sometimes I like to eat non-healthy things like candy and whatnot.",19,Hispanic or Latinx,
P107,Male,"I am kind of shy, but I am also pretty outgoing at the same time. Most people would consider me a very intelligent person from the first moment that they see me in their view. I also am seen as a calm and somewhat quiet person, however, with the right type of people my personality tends to show itself a lot more. Many people would also view me as a kind helpful person who works hard. ",20,Hispanic or Latinx,
P077,Female,"Hi, I really enjoy reading, writing, and doing artwork. I also really like listening to music. This textbook is crazy. Here's a song I like, it goes a little something like this: Andromeda's a big wide open galaxy-- nothing in it for me, except a heart that's lazy. Running from my own life now... I'm really turning some time. Looking up to the sky for something I may never find.",20,Hispanic or Latinx,
P198,Male,Bigmonkey7 here!! Natural japanese car lover that also loves to play video games. I also enjoy a good anime every once in a while...Tokyo Ghoul for example. If you feel like playing just let me know and if im online then more than likely ill be down.,21,Hispanic or Latinx,
P249,Female,"Hi Yall! My name is Jazmin! I am from New York, Brooklyn! I am vegan and i love to read. I am in college and I am studying political science and economics. I love to go to the gym and lift heavy things like a caveman! I love to go on walks! I have been hitting 10,000 steps for 890 days now! I speaking Spanish and I love to try new vegan restaurants and hang out with my friends. I am also a residen",21,Hispanic or Latinx,
P200,Female,"hey, my name is michelle! I am enjoying playing all sorts of games like board games and PC games like Valoranf. My favorite food is a yummy spicy chicken sandwich. In my free time, I try to explore new places in my area like trendy thrift stores, food places, or interesting activities. I enjoy spending my time in nature and doing photography. ",21,Hispanic or Latinx,
P160,Male,"Hello, 
I might not be the best player, but I am a great support player/characters in many ways. I'll support and provide the greatest protection to my teammates. You're lives are in my hand. I'll support to watch my teammates carry the team. I'll bring the moral support to keep us going. As a support, I'll make sure everyone is working together as a unit.  Lastly, I want us to win!",22,Hispanic or Latinx,
P250,Male,Hi everyone! My names Nathan or better known as Nostalgia! I'm a top500 overwatch support player who's been playing this game for about 4 years now. I peaked at 4500 in overwatch 1 but currently just chilling in gm5 for overwatch 2. I also play rocket league where I'm in grand champion and I'm honestly surprised I even got there. I'd say im pretty relaxed and somewhat funny to get along with. :),19,"Hispanic or Latinx,White or Caucasian",
P292,Male,"Hello,
My name is Jordan, I am 19 years old and from California.   I am interested in reading, cooking, paintball, and entrepreneurship.   My favorite food is pho soup.  I have accommodation insufficiency which makes it difficult for me to see things up close, even with glasses",19,"Hispanic or Latinx,White or Caucasian",
P016,Male,"Hey all! I just recently came across this group and thought it would be really fun if I joined too. My name is Patrick, I'm 20 years old, and I've been gaming as a hobby for over a decade now. I'm interested in all kinds of game genres, but my favorites would have to be RPGs, FPS, and Action/Adventure.",20,"Hispanic or Latinx,White or Caucasian",
P033,Male,"I am a 20-year-old college student. You can find me at the gym or the ice rink if I am not working or at school. I love anything with the outdoors and frequently go on hikes with my dog Oliver. Oliver is a mini Goldendoodle who is just about one year old. I am a big dog guy so he is definitely my best friend. Other than that, I love adventures and trying out new things so come along for the ride!",20,"Hispanic or Latinx,White or Caucasian",
P040,Male,"hey I'm Anthony and I'm a guy who likes to watch tv movies play games do other recreational activities such as going for a walk or spending time in nature or just cloud watching seeing how fast they move is fascinating and extreamly intriuging to me. everything else i want to tell you about me is that it all started on a cold winter day on a Friday to be exact , being the middle of the day in a",20,"Hispanic or Latinx,White or Caucasian",
P010,Female,Hi everyone! I love gaming and hope we can all have fun together. I have always loved gaming so I can not wait to try this out. I hope we can all respect each other and have a good competition. I  do not want any negativity or bullying on my page so if that is all you have to bring dont add me,20,"Hispanic or Latinx,White or Caucasian",
P367,Female,"Hi, I really enjoy spending time outdoors, especially hiking. I also like to make art, including collages. I like singing and writing songs. I enjoy cooking plant based meals for myself and my partner. I love spending time with my cat, she is so cute. I enjoy traveling to different places around the world, trying new foods, and exploring new cultures. ",21,"Hispanic or Latinx,White or Caucasian",
P125,Female,"Hi, my name is Juju. I'm a 21-year-old university student from the United States. I like all kinds of games. My MBTI type is INFJ, I love eating/baking desserts, and I like anything holographic! I am looking forward to playing with you all. :) :D :P",21,"Hispanic or Latinx,White or Caucasian",
P265,Male,My name is Brad and I am a avid outdoorsman who loves to fish and hunt. I enjoy spending time at the gym as well as being outdoors whenever I can.  My biggest goal is to have a very healthy work life balance so that I can enjoy my life to the fullest.,22,"Hispanic or Latinx,White or Caucasian",
P263,Male,"I'm not a very social person, I tend to just keep to myself or my close friends given the situation, but people say I'm funny and charming so I try not to look down on myself for that. I enjoy getting along with people once I get to know them. There isn't anything else to say, I just hangout a lot. I don't have a job or really any significant hobbies. That's all for me, thanks for your time.",22,"Hispanic or Latinx,White or Caucasian",
P186,Male,"Hello all! My name is Christian, but I go by Chilly to a lot of my friends. Videogames are one of the two main hobbies I have, the other being playing the sport of roundnet competitively. I didn't quite grow up with video games like a lot of friends did. I got my first real computer that was capable of playing a variety of games in high school. Shooters have been my go-to genre of games.",22,"Hispanic or Latinx,White or Caucasian",
P061,Female,"Hello. I love dogs and have two of my own, they are my whole world. I love to read, travel and go to the beach. I am currently reading two books, ""The Unhoneymooners"" and ""The Castle of Otranto"". I am a student and will be attending law school at UMass this fall. My favorite season is winter, I love cold weather and hot chocolate.",22,"Hispanic or Latinx,White or Caucasian",
P252,Female,Aspiring medical student who's studying neuroscience. I enjoy reading in my spare time and I also love to write. I often write fanfictions and post them online of my favorite fandoms such as genshin. I'm an avid genshin fan so you can always see me playing it. ,20,Other,southeast asian
P152,Female,"Hi everyone. S here! So nice to meet y'all. I'm 21 years old, a recent college grad, tv show enthusiast, and avid reader. In my free time, I love creative writing, photography, videography, and traveling. I also am a huge foodie, I love trying new foods and experiencing different cultures!!",21,South Asian,
P319,Male,"College Graduate, and love to learn just about any topic! Huge music fan especially of Rock, Pop and Jazz. A bit slow at times so just bear with me lol. Most free time during the weekends and open to have a conversation with just about anyone. Open to trying new shows and foods as well",22,South Asian,
P054,Male,Hi! My name is Al and I like to play different types of sports. My favorite sport to play is tennis. I like to play tennis because I like the cardio it gives me along with hand-eye coordination. My favorite food is a hot chicken sandwich because of the flavor the chicken has.,22,South Asian,
P026,Male,I am in highschool. My family is partially Japanese and partially white. I have 2 uncles and 2 aunts. My mom is divorced. I drive a black Toyota Corolla and a 2004 mustang cobra. I have a cat but I like dogs more. I have a girlfriend of 12 months she is a grade below me. I look up to my uncle who is a mechanical engineer although I don’t want to be an engineer. I resell shoes and also collect them,18,"South Asian,White or Caucasian",
P235,Female,"Hi all! My name is Taylor. I have a bachelors degree in Entrepreneurship. For my occupation I nanny for a few families and I absolutely love it. I also dog walk as well. I have two adorable dogs named cookie and cody. I would consider my mom to be my bestfriend. I love her so much. Aside from that I have an older sister, dad, and a handsome boyfriend. I am overall a loving enthusiatsic girl!!!!!!!",2,White or Caucasian,
P289,Male,"I am a finance major who is a freshman from a small state school. I am very out-going and love to make new friends. I am more comfortable in a big group of people than I am by myself. Some of my interests are running, clubbing, and going backpacking.",18,White or Caucasian,
P185,Male,"My name is Jonis! I love eating beans and smoking greens! I'm an elite gamer who plays lots of fps's, platformers, bullet hells, rouge likes, coop, and lots more! I am ultra gaming man! please introduce yourself before I, as I have social anxiexty for socail stuff.",18,White or Caucasian,
P253,Male,"Hi! My name is Kendal, nice to meet you! I live in Texas and have my entire life. I don't have a very wide variety of interests, however what I am interested in I am VERY interested in. My main focuses are music and video games. My top 3 favorite video games of all time are (in no particular order) Bioshock Infinite, Cyberpunk 2077 and Life is Strange.",18,White or Caucasian,
P115,Non-Binary,"Hi, my name is Allie! I'm 18 and I use she/they pronouns. I love my girlfriend, my bunny, my cat, my rat, and my snail. My favorite shows are Rupaul's Drag Race and It's Always Sunny in Philadelphia and my favorite movie is The Shining. I like rap and indie music and my favorite artists are Destroy Lonely, Yeat, Juice WRLD, Glass Animals, and Lil Uzi Vert. My favorite game is Minecraft.",18,White or Caucasian,
P342,Female,Hello! I am a college student who loves to hang out and party! I'm very outgoing and would love to get to know everybody. I have moved many times and have lived in many different places such as Miami and Utah. I love making friends. I also love to go hiking or sit outside on a nice day. I have a cute dog who is very old and I also foster kittens in my free time. They are so cute I love them. ,18,White or Caucasian,
P309,Female,"I am a sophomore in college majoring in Psychology and Sociology and I love to crochet as well as spend time outside. I also love to paint and do anything craft-related. My favorite color is either baby pink or sage green. I love musicals and my favorite is Phantom of the Opera, with the 25th anniversary being my favorite adaptation of the musical. My second favorite is the Great Comet.",19,White or Caucasian,
P332,Male,im a hard working outdoor loving diesel technician. When im not repairing or operating heavy diesel equipment i am in the woods or on the river catching fish or deers. Nothing is more important to me than family and God. I will always be that bad news good ol boy.,19,White or Caucasian,
P205,Female,"Hey! My name is MJ and I’m really into music. I love listening to it, reading about it, collecting it, and so much other stuff about music. I could talk anyone’s ear off about music and I could do it all day long. Other than that, I love to spend time with my dog and bring her for walks by the river. I also love to travel and I recently just came back from a trip, it was the best! ",19,White or Caucasian,
P267,Male,"Hey, my name is Jake and I love to play video games. I've always been interested in MMORPG type of games. I've been playing them for over 13 years, since the beginning of when computers started to get popularized. It's always been fun for me and I enjoy communicating with other people that enjoy the MMORPG franchise as well! I think we could get along great. I have good communication skills!",19,White or Caucasian,
P025,Male,hello I am from Georgia and like to watch movies and play video games and listen to music. I am 19 my favorite color is green and I wanted to be an English major but I decided not to go to college. I wrote for my school paper in high school that's why I wanted to do to do that,19,White or Caucasian,
P365,Male,"I am a student at the University of California, Los Angeles majoring in Business Economics. I enjoy my school and am doing well in my classes. I am trying to become a consultant eventually when I graduate in the spring of 2025 since I like problem solving",19,White or Caucasian,
P282,Female,"I am from northern Minnesota. I enjoy outdoor activities, such as hiking, swimming, biking, and fishing. I also really enjoy camping, and spend as much time as I can during the warmer months of the year at various campsites. I am currently a college student and plan on becoming a pilot for an airline sometime after graduating.",19,White or Caucasian,
P215,Male,"Hello, I really enjoy spending time with my pets and playing video games. As for specific video games I spend most of my time gaming playing the game Dota 2. Its a really complex and advanced game that has no comparable experience to any other game of its genre.",19,White or Caucasian,
P348,Female,"Hi! My name is Mo! I'm a fun, adventurous gal. I love my four pups, and proudly am a dog mom. I'm from a small town in the South, so travel is a huge part of my life. I have an amazing boyfriend, and a best friend who is my sister from another mister.",19,White or Caucasian,
P057,Male,hi guys I like to write and read. I also like to play video games and watch tv. I also  like to watch a lot of YouTube especially on interesting topics. I like to listen to a lot of music as well. My favorite genres are rap and EDM. I also like to hangout with friends and family.    ,19,White or Caucasian,
P105,Male,"Hi there! Welcome to my profile
I have a huge love for games and animation! It's a huge passion of mine (mainly Nintendo and western/youtube animation) I love talking about it so please ask away!
I also really like the band Lemon Demon! The person who makes the music (Neil Cicierega) is one of the coolest online personalities out there.
Hope I made a good first impression :D",19,White or Caucasian,
P279,Male,"I am you average gamer who wants to be a live streamer. I enjoy listening to all types of music and stream almost any type of game, as I want to make others happy and bring smiles to everyone that I can through entertainment from streaming. I hope we can all become great friends!",20,White or Caucasian,
P270,Female,"Hello! My name is Hannah. I'm currently going to school and studying psychology. In my free time I like to play video games, dance, and cook. My favorite color is pink. I also love listening to music. Taylor Swift and Lana Del Rey are my favorite artists,",20,White or Caucasian,
P134,Female,"Hi, my name is Noelle and I am twenty years old. I really enjoy reading books and writing in my free time, and I also enjoy playing cozy video games. I like to bake bread and hang out with my friends. I am in college and I work hard at my studies. I live in California and have lived there for my entire life, and I really love it here. I enjoy going to the beach and swimming or just laying out.",20,White or Caucasian,
P129,Female,"Hey! I'm Ash and I'm a student studying psychology. My favorite ways to spend my time is reading, hiking, cooking, and painting. I love to travel and learn about different cultures. I'm currently learning Italian and have a trip to study abroad in a couple months. My favorite shows right now are Better Call Saul and the Last of Us. I feel best when I'm spending time outside.",20,White or Caucasian,
P218,Male,"Hi! I am someone who loves to take a critical look at what is going on in the world. I follow politics closely, and while I still can I love to travel to new places and experience new dynamics. I love sci-fi, hiking, and reading as well. My favorite artist is Beach House.",20,White or Caucasian,
P106,Female,I like to play chess and other online games with my friends. I like games that are challenging and appreciate being a good sport. I like thinky puzzle games like sudoku and in real life I can solve a rubik's cube in under 45 seconds. I like meeting new people who want to get involved in things we are both interested and hope to meet some on here. Ultimately my goal is people.,20,White or Caucasian,
P337,Female,"Hello! I am a college student who is very dedicated to her studies. In my spare time, I like to work out. I am very committed to physical fitness and I also prioritize eating healthy. I love a routine and planning out exactly how I want my day to go! I also enjoy going on long walks when the weather is nice and I like bringing my dog with me. ",20,White or Caucasian,
P285,Female,Hi I'm a 20 and I'm currently enrolled in college. I enjoy going out with friends and am a social sciences major that spends a lot of time writing for assignments. I'm a big foodie and love the city I live in for all the entertainment it provides. After graduation I plan to move south where the weather is nicer and I love my current summer job where I do marketing a social media.,20,White or Caucasian,
P331,Male,"Hi everyone! I am new to this game and want to introduce myself. I love online games and am excited to be a part of this world! I am looking forward to meeting new people on this platform! I enjoy other things such as working out, reading, drinking coffee, etc. ",21,White or Caucasian,
P027,Non-Binary,"Hey! My name is Parker (they/them), and I'm super happy to be here! I am a third year college student, and I love playing games, watching shows, and learning about various animals. I am 21 years old, and I collect Squishmallows (I have almost 40!)! It's nice to meet you all!",21,White or Caucasian,
P007,Female,"I am currently in college studying Sociology and Nonprofit studies, and in my free time I love to paint, play with my cat, try out new recipes, and thrift shop. I have a part time job as a social media manager, and I also do side hustles like Prolific from time to time.",21,White or Caucasian,
P245,Female,"Hi everyone, I'm **name**. I'm from the USA and I'm a bit shy sometimes, so I might not speak up much... My favorite hobbies are learning (especially math and foreign languages), playing with my bird, and going on romps in the forest. I'm looking forward to meeting everyone else!",21,White or Caucasian,
P154,Male,"Hello guys, I am glad to meet all of you. I am interested in playing online video games, especially platformers and other racing games. I also like to program for fun in my free time and listen to music. I hope to learn more about everyone and have fun in the process!",21,White or Caucasian,
P041,Male,"Hello, I am a student at a large university in the south and I enjoy playing sports and watching television with my friends. I like to play card games as well. I am not working currently, and I am applying to a graduate program. I want to travel during the summer soon before I start school again and I am thinking about going to Europe. I am interested in the news and politics and often keep up.",21,White or Caucasian,
P212,Male,"Hello, I am from pittsburgh PA, and I go to Penn state university. When I grew up everyone around me were steeler fans. Although I was a patriots fan. I love and breathe the patriots, and will do all I can to support them forever. I want nothing more for them to win a Super Bowl. I want to go to a game when I am older.",21,White or Caucasian,
P222,Male,I am an engineering student in college currently emphasizing biosystems and ecology. I am pursuing a biology master's degree to get a career in stream mitigation and ecological restoration eventually. I am from a coastal town but love the mountains. This has driven my desire to move to the mountains and help protect our natural resources. The beach is amazing but is not ideal for me.,21,White or Caucasian,
P159,Male,"Hi! I'm a computer science fourth year undergraduate student who is currently in his final semester. After school, I am planning to work in data analytics. In my free time, I play video games, hang out with my friends, and like to bike ride. I have a brother who is five years older than me and both parents. I also have a dog at home named Henry, who I love to pieces. I also hope to soon own a cat.",21,White or Caucasian,
P145,Male,"Hello! My name is Peter and I am excited to be a part of this group. I love art, video games, pop culture, trading cards, and more. If you have any questions feel free to reach out to me at any time! I am always happy to chat. At home I have 4 cats, and 1 dog. It can be very hectic at times, but they get along surprisingly well!",21,White or Caucasian,
P369,Female,"Hi, everyone! My name is anonymous and I enjoy taking long walks with my new dog, playing lots of video games, and hiking in different national parks throughout the United States. I am looking for people around my age (21) to connect with, so feel free to reach out! Thank you!",21,White or Caucasian,
P148,Female,I am a student. I have a dog. My car is white. My favorite color is purple and my favorite season is fall because I like to watch the leaves change colors. I also like the weather in fall because it isn't too hot but isn't too cold either -- all you need is a sweatshirt or light jacket. It's fun to watch football in the fall.,21,White or Caucasian,
P163,Female,"I am excited to be joining this group to be gaming with you all.  Getting to know different people who enjoy the same things as I do is the main reason I am joining this.  I enjoy reading, especially fantasy, and I think that shows in the games I like.  I enjoy cozy games that involve building a life as well as horror games that have a story line.  I look forward to everything we will do together.",22,White or Caucasian,
P238,Female,"I like to play horror video games. I love The Walking Dead and The Last os Us. Zombies are my favorite games and shows/movies to play and watch. I am a mom and a wife. I am currently a student and a Navy veteran. I mainly use an Xbox but I also own a laptop, playstation three, nintendo switch, and I also play some mobile games. I usually have a good amount of free time to play. ",22,White or Caucasian,
P161,Male,"Hi, my name is Josh. I enjoy playing all kinds of online games. I have been playing many online games since I was 12 years old. I am 20 years old now and I have lots if experience with both single player and multiplayer online games. My favorite game system to play on is the Xbox. I also like to play games on PC.",22,White or Caucasian,
P066,Male,"heyy My name is Bob, and I'm thrilled to be a part of this group. I'm a big fan of computers, and I'm always looking for new ways to learn and expand my knowledge in this field. I'm excited to connect with all of you and hear about your interests and experiences as well. If you have any questions or just want to chat about anything tech-related, feel free to reach out to me. I'm looking forward to",22,White or Caucasian,
P004,Female,"Hi all, I am a creative young woman with a love for color and imagination. I enjoy drawing and playing with my pets, and currently own 2 ducks and a cat.  I am an avid lover of open-world games, and I can be found anytime just wasting the day on them. Original, right?",22,White or Caucasian,
P225,Male,"I'm a 22-year-old American guy who's a massive nerd that's way into computer science. I've been studying computer since I was a young kid, and I've been diving into a diverse range of topics since. I also have a background in music, playing both the piano, and mostly the guitar. In recent years, I've been building a quite formidable fluency in the Japanese language.",22,White or Caucasian,
P117,Male,"I am from the south, I love the outdoors and basketball. It is always fun to go out with friends and enjoy a good drink or two. I work in finance here in town for a big investment firm. It is always fun to hop on a survey and share my thoughts. I hope we can complete this task with little to no issues and I look forward to working with you all! ",22,White or Caucasian,
P320,Non-Binary,"Hi! I'm <name>, and I'm pretty new to this game! I'm 22, and my pronouns are they/them. In my free time, besides gaming, I'm a big outdoors person and I also like traditional tabletop games. I'm more of a casual gamer, will probably be online somewhat irregularly. I'm on the eastern US time zone. Feel free to message me, my dms are open. Hoping to meet lots of new friends in this game!",22,White or Caucasian,
P136,Male,"My name is X. I am 22 years old and I have been gaming for basically my entire life. I love to play sports games quite a bit. I also like to play first person shooters as my second favorite type of game. I'm not the most outgoing person, but I can bring some other things to the table.",22,White or Caucasian,
P055,Female,"im a 24 year old who tie dyes and totally with the hippy vibes. I always am down to relax and chill and always looking for new friends! I have a call business so watch out for the trick up my sleeve, lol. I go by miss tie dye online, and would love to make your world colorful! add me and we can be friends! can't wait for what's in store and what the future brings, thanks for reading I appreciate i",22,White or Caucasian,
P217,Female,"Hello, I am player C. I am 22 and live in the south. I enjoy playing games and also going outside to hike. Some of the games I enjoy are farming, racing cars, and baseball. If anyone has any suggestions of other online games to play or wants to connect t let me know!",22,White or Caucasian,
P355,Female,"Hello! I enjoy listening to and creating music, writing, and reading. I am an animal lover and I have 4 pets currently. I also like to hike on the weekends. I have been working on prolific for many years now. I am excited to get to learn about and work with all of you!",22,White or Caucasian,
P045,Female,"My best friend is Hailey Bieber and my family is on a TV show called Keeping Up With the Kardashians. My sisters Kim, Khloe, Kourtney and Kendall are all models and entrepreneur's. I own a business myself called Kylie Cosmetics. Instagram and botox are my life. ",22,White or Caucasian,
P146,Female,I work in health care and I really enjoy going to exercise classes and hiking. I have 2 dogs and am currently getting my masters. I hope to move to Puerto Rico someday since it is my favorite place ever. I just need to learn how to speak Spanish first.,22,White or Caucasian,
P170,Female,"Hello, I have three chihuahuas that I love to dress up, and play with, and take on walks. They even have an instagram! My favorite hobbies are photography, editing, and dressing up. I love to celebrate every holiday! My favorite holidays are Easter and Halloween.",22,White or Caucasian,
P311,Female,"Hi! My name is Korrin and I'm 22 years old. I'm from Pennsylvania and have lived here my whole life. Some things I enjoy are being outdoors and hiking, going on walks, etc. or cozying up with my cats. I'm currently in a relationship and we've been together for almost 4 years now. I'm an introverted person by nature but I enjoy meeting new people and making new friends. I'm quiet and down to earth.",22,White or Caucasian,
P199,Female,"Hi all! I am a 22 year old woman from the Northeast. I've worked as an administrative assistant for about a year now but in my free time I like spin class, going to the movies, concerts, museums, and the theatre. I also like outdoor activities like hiking and swimming.",22,White or Caucasian,
P176,Female,"HI, my name is isabella and i am 22 years old. i am currently pursuing a career as a social media influencer and i have dedicated my time to making true crime youtube videos. Im hoping that this can be used as a way to at least make a small difference in the world.",22,White or Caucasian,
P356,Male,I am a 67 year old retired male that loves the outdoors to do various activities such as golf gardening and walking. I live in the Boston area and have in this area all my life.   I am married and we have one adult child.  I love all Boston sports teams and watch them on tv often.,67,White or Caucasian,
